,Latitude,Longitude,Easting,Northing,Zone,Date/Local Standard Time,Week No.,PitID,State,Location,Site,HN (cm) A,HN (cm) B,HN (cm) C,AVG HN (cm),SWE (mm) A,SWE (mm) B,SWE (mm) C,AVG SWE (mm),Melt,Comments,date_t2,geometry,int_sd_delta,unw_sd_delta,Date,"Local 
Time",DEN (kg/m^3) A,DEN (kg/m^3) B,DEN (kg/m^3) C,avg HN (cm),avg SWE (mm),avg DEN (kg/m^3)
0,43.73702,-116.1218,570719.0,4843040.0,11.0,2020-01-22 15:12:00,3,IDBRLO,ID,Boise River Basin,LDP Open,2.0, , ,2.0, , , , ,No, ,2020-01-22 15:12:00,POINT (-116.1218 43.73702),,,,,,,,,,
1,43.73701,-116.12188,570713.0,4843038.0,11.0,2020-01-31 09:26:00,4,IDBRLO,ID,Boise River Basin,LDP Open,20.0,20.0,19.0,19.7,39.2,40.0,38.0,39.1,No,"used 250 cc density cutter to get density, then calculated SWE. ",2020-01-31 09:26:00,POINT (-116.12188 43.73701),,,,,,,,,,
2,43.73705,-116.12188,570713.0,4843043.0,11.0,2020-02-12 15:19:00,6,IDBRLO,ID,Boise River Basin,LDP Open,11.0,11.0,11.0,11.0,44.0,39.0,45.0,42.7,Yes, ,2020-02-12 15:19:00,POINT (-116.12188 43.73705),0.046672891825437546,0.7294089065954731,,,,,,,,
3,43.73703,-116.12185,570715.0,4843041.0,11.0,2020-02-20 08:45:00,7,IDBRLO,ID,Boise River Basin,LDP Open,16.0,15.0,15.5,15.5,29.0,25.0,29.0,27.7,No, ,2020-02-20 08:45:00,POINT (-116.12185 43.73703),0.0992175042629242,0.1460314691066742,,,,,,,,
4,43.73702,-116.12182,570718.0,4843040.0,11.0,2020-02-26 09:28:00,8,IDBRLO,ID,Boise River Basin,LDP Open,0.0,0.0,0.0,0.0,0.0,0.0,0.0,0.0,No, ,2020-02-26 09:28:00,POINT (-116.12182 43.73702),,,,,,,,,,
5,43.73719,-116.12164,570732.0,4843059.0,11.0,2020-03-11 09:30:00,10,IDBRLO,ID,Boise River Basin,LDP Open,0.25,0.25,0.25,0.2, , , , ,Yes,"for numerical purposes added 0.25 cm to HN and left SWE blank, this is equivalent to 'trace'",2020-03-11 09:30:00,POINT (-116.12164 43.73719),,,,,,,,,,
6,43.7364,-116.1205,570825.0,4842972.0,11.0,2020-01-31 11:15:00,4,IDBRLT,ID,Boise River Basin,LDP Tree,9.0, , ,9.0, , , , ,No, ,2020-01-31 11:15:00,POINT (-116.1205 43.7364),,,,,,,,,,
7,43.7363,-116.12055,570821.0,4842961.0,11.0,2020-02-12 14:00:00,6,IDBRLT,ID,Boise River Basin,LDP Tree,17.0,19.0,15.0,17.0,31.0,46.0,31.0,36.0,Yes, ,2020-02-12 14:00:00,POINT (-116.12055 43.7363),0.03543338179588318,0.7385096184253795,,,,,,,,
8,43.73634,-116.12052,570823.0,4842965.0,11.0,2020-02-20 10:42:00,7,IDBRLT,ID,Boise River Basin,LDP Tree,14.0,15.0,14.5,14.5,22.0,26.0,25.0,24.3,No, ,2020-02-20 10:42:00,POINT (-116.12052 43.73634),0.06647881865501404,0.04094748571515083,,,,,,,,
9,43.73636,-116.12057,570819.0,4842967.0,11.0,2020-02-26 11:15:00,8,IDBRLT,ID,Boise River Basin,LDP Tree,0.0,0.0,0.0,0.0,0.0,0.0,0.0,0.0,No, ,2020-02-26 11:15:00,POINT (-116.12057 43.73636),,,,,,,,,,
10,43.73636,-116.1206,570817.0,4842967.0,11.0,2020-03-11 11:17:00,10,IDBRLT,ID,Boise River Basin,LDP Tree,0.0,0.0,0.0,0.0,0.0,0.0,0.0,0.0,Yes, ,2020-03-11 11:17:00,POINT (-116.1206 43.73636),,,,,,,,,,
11,44.30463,-115.23601,640701.0,4907221.0,11.0,2020-01-09 14:11:00,1,IDBRBO,ID,Boise River Basin,Banner Open,62.0,62.5,62.0,62.2,62.0,54.0,64.0,60.0, ,placed interval board on 2019-12-18. ,2020-01-09 14:11:00,POINT (-115.23601 44.30463),,,,,,,,,,
12,44.30461,-115.23598,640704.0,4907219.0,11.0,2020-01-23 14:30:00,3,IDBRBO,ID,Boise River Basin,Banner Open,53.0, , ,53.0,88.0, , ,88.0, ,"Forgot SWE tube, instead did extra density measurements. HN=53cm, avg density=166kg/m3; (53x166)/100=88mm SWE.  ",2020-01-23 14:30:00,POINT (-115.23598 44.30461),,,,,,,,,,
13,44.30461,-115.23598,640704.0,4907219.0,11.0,2020-01-30 13:40:00,4,IDBRBO,ID,Boise River Basin,Banner Open,36.0,37.0,36.0,36.3,44.0,45.0,45.0,44.7, , ,2020-01-30 13:40:00,POINT (-115.23598 44.30461),,,,,,,,,,
14,44.30458,-115.23594,640707.0,4907216.0,11.0,2020-02-06 13:00:00,5,IDBRBO,ID,Boise River Basin,Banner Open,23.0,22.0,23.0,22.7,23.0,19.0,22.0,21.3,No, ,2020-02-06 13:00:00,POINT (-115.23594 44.30458),,,,,,,,,,
15,44.30447,-115.23606,640698.0,4907204.0,11.0,2020-02-13 12:30:00,6,IDBRBO,ID,Boise River Basin,Banner Open,16.5,16.5,16.75,16.6,24.0,24.0,26.0,24.7,No, ,2020-02-13 12:30:00,POINT (-115.23606 44.30447),,,,,,,,,,
16,44.30462,-115.23603,640700.0,4907220.0,11.0,2020-02-19 12:22:00,7,IDBRBO,ID,Boise River Basin,Banner Open,13.5,14.0,14.5,14.0,14.0,16.0,16.0,15.3,No, ,2020-02-19 12:22:00,POINT (-115.23603 44.30462),0.11097776144742966,0.11024454236030579,,,,,,,,
17,44.30454,-115.23603,640700.0,4907211.0,11.0,2020-02-27 12:40:00,8,IDBRBO,ID,Boise River Basin,Banner Open,2.5,2.5,2.5,2.5,4.0,5.0,4.0,4.3,Yes,"wetter towards the bottom, used putty knife to peel up heavy clear snow layer (~1cm).",2020-02-27 12:40:00,POINT (-115.23603 44.30454),,,,,,,,,,
18,44.30448,-115.23599,640703.0,4907205.0,11.0,2020-03-05 12:45:00,9,IDBRBO,ID,Boise River Basin,Banner Open,0.0,0.0,0.0,0.0,0.0,0.0,0.0,0.0,No, ,2020-03-05 12:45:00,POINT (-115.23599 44.30448),,,,,,,,,,
19,44.30443,-115.23607,640697.0,4907199.0,11.0,2020-03-12 12:15:00,10,IDBRBO,ID,Boise River Basin,Banner Open,10.0,10.0,10.5,10.2,19.0,21.0,19.0,19.7,Yes,crust on top.,2020-03-12 12:15:00,POINT (-115.23607 44.30443),,,,,,,,,,
20,44.30366,-115.23455,640820.0,4907116.0,11.0,2019-12-18 10:00:00,50,IDBRBS,ID,Boise River Basin,Banner Snotel,40.0,38.0,42.0,40.0,64.0,64.0,70.0,66.0,No, ,2019-12-18 10:00:00,POINT (-115.23455 44.30366),,,,,,,,,,
21,44.30365,-115.23456,640819.0,4907115.0,11.0,2020-01-09 10:30:00,1,IDBRBS,ID,Boise River Basin,Banner Snotel,62.5,62.0,62.0,62.2,72.0,64.0,67.0,67.7,No,too much snow for SWE tube - snow was compressed for each sample and then weighed. ,2020-01-09 10:30:00,POINT (-115.23456 44.30365),,,,,,,,,,
22,44.30367,-115.2345,640824.0,4907117.0,11.0,2020-01-23 11:00:00,3,IDBRBS,ID,Boise River Basin,Banner Snotel,58.0, , ,58.0,102.0, , ,102.0, ,"forgot SWE tube, instead did density measurements (small 250cc cutter) to solve for SWE; HN=58cm, avg. density=175kg/m3 - (58cm x 175kg/m3)/100 = 102 mm SWE.  ",2020-01-23 11:00:00,POINT (-115.2345 44.30367),,,,,,,,,,
23,44.30359,-115.23462,640815.0,4907108.0,11.0,2020-01-30 12:00:00,4,IDBRBS,ID,Boise River Basin,Banner Snotel,34.5,35.0,34.5,34.7,42.0,42.0,42.0,42.0, , ,2020-01-30 12:00:00,POINT (-115.23462 44.30359),,,,,,,,,,
24,44.30364,-115.23453,640822.0,4907114.0,11.0,2020-02-06 12:00:00,5,IDBRBS,ID,Boise River Basin,Banner Snotel,20.0,20.0,20.0,20.0,21.0,21.0,21.0,21.0,No, ,2020-02-06 12:00:00,POINT (-115.23453 44.30364),,,,,,,,,,
25,44.30363,-115.23454,640821.0,4907113.0,11.0,2020-02-13 11:30:00,6,IDBRBS,ID,Boise River Basin,Banner Snotel,16.5,17.0,17.0,16.8,22.0,23.0,24.0,23.0,No, ,2020-02-13 11:30:00,POINT (-115.23454 44.30363),,,,,,,,,,
26,44.3036,-115.23454,640821.0,4907110.0,11.0,2020-02-19 10:45:00,7,IDBRBS,ID,Boise River Basin,Banner Snotel,15.0,16.0,16.0,15.7,17.0,17.0,18.0,17.3,No, ,2020-02-19 10:45:00,POINT (-115.23454 44.3036),0.12329620867967606,0.12674714624881744,,,,,,,,
27,44.30358,-115.23464,640813.0,4907107.0,11.0,2020-02-27 10:30:00,8,IDBRBS,ID,Boise River Basin,Banner Snotel,4.0,3.5,4.0,3.8,5.0,5.0,5.0,5.0,No, ,2020-02-27 10:30:00,POINT (-115.23464 44.30358),,,,,,,,,,
28,44.30358,-115.23458,640818.0,4907107.0,11.0,2020-03-05 10:40:00,9,IDBRBS,ID,Boise River Basin,Banner Snotel,0.0,0.0,0.0,0.0,0.0,0.0,0.0,0.0,No,"feather like crystals on interval board, unusual, but likely that large cryastals dropped from the tree branches above and collected on the board. All pine trees had significant feathery crystal gowth on all branches up to a cm in size on the hike in; absolutely beautiful and very delicate. ",2020-03-05 10:40:00,POINT (-115.23458 44.30358),,,,,,,,,,
29,44.30359,-115.2346,640816.0,4907108.0,11.0,2020-03-12 10:00:00,10,IDBRBS,ID,Boise River Basin,Banner Snotel,12.0,12.0,12.0,12.0,20.0,19.0,20.0,19.7,Yes,crust layer on top few centimeters,2020-03-12 10:00:00,POINT (-115.2346 44.30359),,,,,,,,,,
30,43.75886,-116.09022,573236.0,4845493.0,11.0,2019-12-19 10:00:00,50,IDBRBU,ID,Boise River Basin,Bogus Upper,42.0,40.0,41.0,41.0,94.0,91.0,89.0,91.3,No, ,2019-12-19 10:00:00,POINT (-116.09022 43.75886),,,,,,,,,,
31,43.75885,-116.0902,573237.0,4845492.0,11.0,2020-01-08 11:55:00,1,IDBRBU,ID,Boise River Basin,Bogus Upper,20.0,19.2,19.4,19.5,35.0,36.0,34.0,35.0,No, ,2020-01-08 11:55:00,POINT (-116.0902 43.75885),,,,,,,,,,
32,43.75881,-116.09022,573236.0,4845487.0,11.0,2020-01-16 11:00:00,2,IDBRBU,ID,Boise River Basin,Bogus Upper,49.0,48.0,49.0,48.7,93.0,100.0,94.0,95.7,No,deep snow on board; 2 tube measurments for each sample.,2020-01-16 11:00:00,POINT (-116.09022 43.75881),,,,,,,,,,
33,43.75882,-116.09019,573238.0,4845488.0,11.0,2020-01-24 13:15:00,3,IDBRBU,ID,Boise River Basin,Bogus Upper,7.5,7.5,8.0,7.7,16.0,15.0,16.0,15.7,Yes,"melt on interval board was bottom 3cm, very distinct.",2020-01-24 13:15:00,POINT (-116.09019 43.75882),,,,,,,,,,
34,43.75878,-116.09017,573240.0,4845484.0,11.0,2020-01-31 13:30:00,4,IDBRBU,ID,Boise River Basin,Bogus Upper,30.0,30.0,29.0,29.7,62.0,50.0,51.0,54.3,No, ,2020-01-31 13:30:00,POINT (-116.09017 43.75878),,,,,,,,,,
35,43.75881,-116.09018,573239.0,4845487.0,11.0,2020-02-07 12:30:00,5,IDBRBU,ID,Boise River Basin,Bogus Upper,28.5,27.5,29.5,28.5,69.0,72.0,73.0,71.3, , ,2020-02-07 12:30:00,POINT (-116.09018 43.75881),,,,,,,,,,
36,43.75884,-116.09017,573240.0,4845490.0,11.0,2020-02-14 12:30:00,6,IDBRBU,ID,Boise River Basin,Bogus Upper,0.0,0.0,0.0,0.0,0.0,0.0,0.0,0.0, , ,2020-02-14 12:30:00,POINT (-116.09017 43.75884),,,,,,,,,,
37,43.75881,-116.09017,573240.0,4845487.0,11.0,2020-02-20 11:00:00,7,IDBRBU,ID,Boise River Basin,Bogus Upper,18.0,19.0,19.0,18.7,34.0,33.0,34.0,33.7,No, ,2020-02-20 11:00:00,POINT (-116.09017 43.75881),0.10976443439722061,,,,,,,,,
38,43.75876,-116.09014,573242.0,4845482.0,11.0,2020-02-26 14:45:00,8,IDBRBU,ID,Boise River Basin,Bogus Upper,0.0,0.0,0.0,0.0,0.0,0.0,0.0,0.0, , ,2020-02-26 14:45:00,POINT (-116.09014 43.75876),,,,,,,,,,
39,43.75879,-116.09019,573238.0,4845485.0,11.0,2020-03-04 14:55:00,9,IDBRBU,ID,Boise River Basin,Bogus Upper,0.0,0.0,0.0,0.0,0.0,0.0,0.0,0.0, , ,2020-03-04 14:55:00,POINT (-116.09019 43.75879),,,,,,,,,,
40,43.75882,-116.09025,573233.0,4845488.0,11.0,2020-03-11 14:00:00,10,IDBRBU,ID,Boise River Basin,Bogus Upper,2.8,2.8,2.8,2.8,9.0,8.0,8.0,8.3,Yes, ,2020-03-11 14:00:00,POINT (-116.09025 43.75882),,,,,,,,,,
41,43.93209,-115.66576,607094.0,4865196.0,11.0,2020-02-12 11:00:00,6,IDBRMC,ID,Boise River Basin,Mores Creek Summit,29.0, , ,29.0,61.0, , ,61.0, ,"coordinates are: 607094 E, 4865196 N. Last measurement on 2020-02-05. Crust present on board.",2020-02-12 11:00:00,POINT (-115.66576 43.93209),,,,,,,,,,
42,43.93209,-115.66576,607094.0,4865196.0,11.0,2020-03-11 11:00:00,10,IDBRMC,ID,Boise River Basin,Mores Creek Summit,4.0, , ,4.0,13.0, , ,13.0, ,"coordinaes are 607094 E, 4865196 N. Last measurement on 2020-03-03. ",2020-03-11 11:00:00,POINT (-115.66576 43.93209),,,,,,,,,,
43,43.757,-116.091,573175.0,4845285.0,11.0,2020-01-24 14:53:00,3,IDBRBL,ID,Boise River Basin,Bogus Lower,13.0, , ,13.0,24.7, , ,24.7,Yes, ,2020-01-24 14:53:00,POINT (-116.091 43.757),,,,,,,,,,
44,43.757,-116.091,573175.0,4845285.0,11.0,2020-01-31 14:30:00,4,IDBRBL,ID,Boise River Basin,Bogus Lower,30.0, , ,30.0,63.6, , ,63.6,Yes, ,2020-01-31 14:30:00,POINT (-116.091 43.757),,,,,,,,,,
45,43.757,-116.091,573175.0,4845285.0,11.0,2020-02-07 14:45:00,5,IDBRBL,ID,Boise River Basin,Bogus Lower,27.5, , ,27.5,58.6, , ,58.6,Yes, ,2020-02-07 14:45:00,POINT (-116.091 43.757),,,,,,,,,,
46,43.757,-116.09,573256.0,4845286.0,11.0,2020-02-14 14:15:00,6,IDBRBL,ID,Boise River Basin,Bogus Lower,1.4, , ,1.4,9.17, , ,9.2,No, ,2020-02-14 14:15:00,POINT (-116.09 43.757),,,,,,,,,,
47,43.757,-116.091,573175.0,4845285.0,11.0,2020-02-21 14:20:00,7,IDBRBL,ID,Boise River Basin,Bogus Lower,17.0, , ,17.0,35.0, , ,35.0,Yes, ,2020-02-21 14:20:00,POINT (-116.091 43.757),0.09255602955818176,,,,,,,,,
48,43.757,-116.091,573175.0,4845285.0,11.0,2020-02-28 15:11:00,8,IDBRBL,ID,Boise River Basin,Bogus Lower,0.0, , ,0.0,0.0, , ,0.0,No, ,2020-02-28 15:11:00,POINT (-116.091 43.757),,,,,,,,,,
49,43.757,-116.091,573175.0,4845285.0,11.0,2020-03-06 14:30:00,9,IDBRBL,ID,Boise River Basin,Bogus Lower,0.0,0.0,0.0,0.0,0.0,0.0,0.0,0.0,Yes, ,2020-03-06 14:30:00,POINT (-116.091 43.757),,,,,,,,,,
50,43.7571,-116.0909,573183.0,4845297.0,11.0,2020-03-13 14:05:00,10,IDBRBL,ID,Boise River Basin,Bogus Lower,0.0, , ,0.0,0.0, , ,0.0,Yes, ,2020-03-13 14:05:00,POINT (-116.0909 43.7571),,,,,,,,,,
51,43.94855,-115.67831,606057.0,4867008.0,11.0,2020-01-29 11:00:00,4,IDBRK1,ID,Boise River Basin,K-1,52.5, , ,52.5, , , , , ,52.5 cm of new snow on the interval board. The upper 25.5 cm (of 52.5cm) were weighed in the SWE tube and had 39 mm of SWE. Board was last cleared on 2020-01-22. ,2020-01-29 11:00:00,POINT (-115.67831 43.94855),,,,,,,,,,
52,43.94855,-115.67831,606057.0,4867008.0,11.0,2020-02-05 14:30:00,5,IDBRK1_20200205_0230,ID,Boise River Basin,K-1,12.0, , ,12.0,14.0, , ,14.0, ,crust @ 9 cm Ice on board ,2020-02-05 14:30:00,POINT (-115.67831 43.94855),,,,,,,,,,
53,43.94855,-115.67831,606057.0,4867008.0,11.0,2020-02-11 14:30:00,6,IDBRK1_20200211_0230,ID,Boise River Basin,K-1,30.0, , ,30.0,65.0, , ,65.0, , Multiple close snowmobile/ski tracks Relocated ~15m to minimize effect Waypoint #8 & #9	,2020-02-11 14:30:00,POINT (-115.67831 43.94855),,,,,,,,,,
54,43.94855,-115.67831,606057.0,4867008.0,11.0,2020-02-18 14:30:00,7,IDBRK1_20200218_1430,ID,Boise River Basin,K1,26.0, , ,26.0,31.0, , ,31.0, , ,2020-02-18 14:30:00,POINT (-115.67831 43.94855),,,,,,,,,,
55,43.94855,-115.67831,606057.0,4867008.0,11.0,2020-02-26 14:30:00,8,IDBRK1_20200226_1430,ID,Boise River Basin,K1,5.0, , ,5.0,9.0, , ,9.0, , ,2020-02-26 14:30:00,POINT (-115.67831 43.94855),,,,,,,,,,
56,43.94855,-115.67831,606057.0,4867008.0,11.0,2020-01-29 14:30:00,4,IDBRK1_20200311_1430,ID,Boise River Basin,K1,14.0, , ,14.0,25.0, , ,25.0, , ,2020-01-29 14:30:00,POINT (-115.67831 43.94855),,,,,,,,,,
57,43.94855,-115.67831,606057.0,4867008.0,11.0,2020-03-03 14:30:00,9,IDBRK1_2020303_1430,ID,Boise River Basin,K1,3.0, , ,3.0,5.0, , ,5.0, , ,2020-03-03 14:30:00,POINT (-115.67831 43.94855),,,,,,,,,,
58,43.94737,-115.67682,606179.0,4866878.0,11.0,2020-01-29 11:00:00,4,IDBRK2,ID,Boise River Basin,K-2,54.0, , ,54.0, , , , , ,54 cm of new snow on the interval board. The upper 26 cm (of 54cm) were weighed in the SWE tube and had 39 mm of SWE. Board was last cleared on 2020-01-22. ,2020-01-29 11:00:00,POINT (-115.67682 43.94737),,,,,,,,,,
59,43.94737,-115.67682,606179.0,4866878.0,11.0,2020-02-05 14:50:00,5,IDBRK2_20200205_0250,ID,Boise River Basin,K-2,20.0, , ,20.0,30.0, , ,30.0, ,crust @ 11 cm Ice on board ,2020-02-05 14:50:00,POINT (-115.67682 43.94737),,,,,,,,,,
60,43.94737,-115.67682,606179.0,4866878.0,11.0,2020-02-11 14:50:00,6,IDBRK2_20200211_0250,ID,Boise River Basin,K-2,33.0, , ,33.0,77.0, , ,77.0, ,ski tracks ,2020-02-11 14:50:00,POINT (-115.67682 43.94737),,,,,,,,,,
61,43.94737,-115.67682,606179.0,4866878.0,11.0,2020-02-18 14:50:00,7,IDBRK2_20200218_1450,ID,Boise River Basin,K-2,40.0, , ,40.0,54.0, , ,54.0, , ,2020-02-18 14:50:00,POINT (-115.67682 43.94737),,,,,,,,,,
62,43.94737,-115.67682,606179.0,4866878.0,11.0,2020-02-26 14:50:00,8,IDBRK2_20200226_1450,ID,Boise River Basin,K-2,8.0, , ,8.0,18.0, , ,18.0, , ,2020-02-26 14:50:00,POINT (-115.67682 43.94737),,,,,,,,,,
63,43.94737,-115.67682,606179.0,4866878.0,11.0,2020-03-03 14:50:00,9,IDBRK2_20200303_1450,ID,Boise River Basin,K-2,3.0, , ,3.0,13.0, , ,13.0, , ,2020-03-03 14:50:00,POINT (-115.67682 43.94737),,,,,,,,,,
64,43.94737,-115.67682,606179.0,4866878.0,11.0,2020-03-11 14:50:00,10,IDBRK2_20200311_1450,ID,Boise River Basin,K-2,0.0, , ,0.0,0.0, , ,0.0, ,melted off yesterday @ this aspect,2020-03-11 14:50:00,POINT (-115.67682 43.94737),,,,,,,,,,
65,43.94805,-115.67506,606319.0,4866956.0,11.0,2020-01-29 11:00:00,4,IDBRK3,ID,Boise River Basin,K-3,61.0, , ,61.0, , , , , ,61 cm of new snow on the interval board. The upper 26 cm (of 61 cm) were weighed in the SWE tube and had 39 mm of SWE. Board was last cleared on 2020-01-22. ,2020-01-29 11:00:00,POINT (-115.67506 43.94805),,,,,,,,,,
66,43.94805,-115.67506,606319.0,4866956.0,11.0,2020-01-29 15:20:00,4,IDBRK3_20200205_0320,ID,Boise River Basin,K-3,20.0, , ,20.0,26.0, , ,26.0, ,crust @ 9cm,2020-01-29 15:20:00,POINT (-115.67506 43.94805),,,,,,,,,,
67,43.94805,-115.67506,606319.0,4866956.0,11.0,2020-02-11 15:20:00,6,IDBRK3_20200211_0320,ID,Boise River Basin,K-3,39.0, , ,39.0,83.0, , ,83.0, , ,2020-02-11 15:20:00,POINT (-115.67506 43.94805),,,,,,,,,,
68,43.94805,-115.67506,606319.0,4866956.0,11.0,2020-02-18 15:20:00,7,IDBRK3_20200218_1520,ID,Boise River Basin,K-3,37.0, , ,37.0,42.0, , ,42.0, , ,2020-02-18 15:20:00,POINT (-115.67506 43.94805),,,,,,,,,,
69,43.94805,-115.67506,606319.0,4866956.0,11.0,2020-02-26 15:20:00,8,IDBRK3_20200226_1520,ID,Boise River Basin,K-3,9.0, , ,9.0,19.0, , ,19.0, , ,2020-02-26 15:20:00,POINT (-115.67506 43.94805),,,,,,,,,,
70,43.94805,-115.67506,606319.0,4866956.0,11.0,2020-03-03 15:20:00,9,IDBRK3_20200303_1520,ID,Boise River Basin,K-3,3.0, , ,3.0,8.0, , ,8.0, , ,2020-03-03 15:20:00,POINT (-115.67506 43.94805),,,,,,,,,,
71,43.94805,-115.67506,606319.0,4866956.0,11.0,2020-03-11 15:20:00,10,IDBRK3_20200311_1520,ID,Boise River Basin,K-3,11.0, , ,11.0,22.0, , ,22.0, , ,2020-03-11 15:20:00,POINT (-115.67506 43.94805),,,,,,,,,,
72,43.94712,-115.67213,606556.0,4866857.0,11.0,2020-01-29 11:00:00,4,IDBRK4,ID,Boise River Basin,K-4,55.0, , ,55.0, , , , , ,Could not locate this board. ,2020-01-29 11:00:00,POINT (-115.67213 43.94712),,,,,,,,,,
73,43.94712,-115.67213,606556.0,4866857.0,11.0,2020-02-11 15:40:00,6,IDBRK4_20200211_0340,ID,Boise River Basin,K-4,46.0, , ,46.0,92.0, , ,92.0, , ,2020-02-11 15:40:00,POINT (-115.67213 43.94712),,,,,,,,,,
74,43.94712,-115.67213,606556.0,4866857.0,11.0,2020-02-18 15:40:00,7,IDBRK4_20200218_1540,ID,Boise River Basin,K-4,34.0, , ,34.0,34.0, , ,34.0, , ,2020-02-18 15:40:00,POINT (-115.67213 43.94712),,,,,,,,,,
75,43.94712,-115.67213,606556.0,4866857.0,11.0,2020-02-26 15:40:00,8,IDBRK4_20200226_1540,ID,Boise River Basin,K-4,14.0, , ,14.0,25.0, , ,25.0, , ,2020-02-26 15:40:00,POINT (-115.67213 43.94712),,,,,,,,,,
76,43.94712,-115.67213,606556.0,4866857.0,11.0,2020-03-03 15:40:00,9,IDBRK4_20200303_1540,ID,Boise River Basin,K-4,0.0, , ,0.0,0.0, , ,0.0, ,melted off on this aspect,2020-03-03 15:40:00,POINT (-115.67213 43.94712),,,,,,,,,,
77,43.94712,-115.67213,606556.0,4866857.0,11.0,2020-03-11 15:40:00,10,IDBRK4_20200311_1540,ID,Boise River Basin,K-4,8.0, , ,8.0,19.0, , ,19.0, , ,2020-03-11 15:40:00,POINT (-115.67213 43.94712),,,,,,,,,,
78,43.94673,-115.66909,606800.0,4866817.0,11.0,2020-01-29 11:00:00,4,IDBRK5,ID,Boise River Basin,K-5,53.0, , ,53.0, , , , , ,reset interval board after recording HN. No time for SWE measurements. Board was last cleared on 2020-01-22. ,2020-01-29 11:00:00,POINT (-115.66909 43.94673),,,,,,,,,,
79,43.94673,-115.66909,606800.0,4866817.0,11.0,2020-02-05 16:10:00,5,IDBRK5_20200205_0410,ID,Boise River Basin,K-5,20.0, , ,20.0,28.0, , ,28.0, ,Ice,2020-02-05 16:10:00,POINT (-115.66909 43.94673),,,,,,,,,,
80,43.94673,-115.66909,606800.0,4866817.0,11.0,2020-02-11 16:10:00,6,IDBRK5_20200211_0410,ID,Boise River Basin,K-5,29.0, , ,29.0,55.0, , ,55.0, ,crust present,2020-02-11 16:10:00,POINT (-115.66909 43.94673),,,,,,,,,,
81,43.94673,-115.66909,606800.0,4866817.0,11.0,2020-02-18 16:10:00,7,IDBRK5_20200218_1610,ID,Boise River Basin,K-5,27.0, , ,27.0,29.0, , ,29.0, , ,2020-02-18 16:10:00,POINT (-115.66909 43.94673),,,,,,,,,,
82,43.94673,-115.66909,606800.0,4866817.0,11.0,2020-02-26 16:10:00,8,IDBRK5_20200226_1610,ID,Boise River Basin,K-5,1.0, , ,1.0,3.0, , ,3.0, , ,2020-02-26 16:10:00,POINT (-115.66909 43.94673),,,,,,,,,,
83,43.94673,-115.66909,606800.0,4866817.0,11.0,2020-03-03 16:10:00,9,IDBRK5_20200303_1610,ID,Boise River Basin,K-5,0.0, , ,0.0,0.0, , ,0.0, ,melted off on this aspect,2020-03-03 16:10:00,POINT (-115.66909 43.94673),,,,,,,,,,
84,43.94673,-115.66909,606800.0,4866817.0,11.0,2020-03-11 16:10:00,10,IDBRK5_20200311_1610,ID,Boise River Basin,K-5,4.0, , ,4.0,12.0, , ,12.0, ,melted off ~1/3 of board @ 16:00,2020-03-11 16:10:00,POINT (-115.66909 43.94673),,,,,,,,,,
85,43.93209,-115.66576,607094.0,4865196.0,11.0,2020-01-29 11:00:00,4,IDBRMC,ID,Boise River Basin,Mores Creek Summit,50.0, , ,50.0, , , , , ,50 cm of new snow on the interval board. The upper 22 cm (of 50cm) were weighed in the SWE tube and had 29 mm of SWE. Board was placed on 2019-12-18 and last cleared on 2020-01-22. ,2020-01-29 11:00:00,POINT (-115.66576 43.93209),,,,,,,,,,
86,43.93209,-115.66576,607094.0,4865196.0,11.0,2020-02-05 11:00:00,5,IDBRMC_20200205_1100,ID,Boise River Basin,Mores Creek Summit,15.0, , ,15.0,15.0, , ,15.0, ,last measurement was 2020-01-29. Crust at 13 cm present.,2020-02-05 11:00:00,POINT (-115.66576 43.93209),,,,,,,,,,
87,43.93209,-115.66576,607094.0,4865196.0,11.0,2020-02-18 11:00:00,7,IDBRMC,ID,Boise River Basin,Mores Creek Summit,36.0, , ,36.0,40.0, , ,40.0, ,last measurement was 2020-02-12.,2020-02-18 11:00:00,POINT (-115.66576 43.93209),,,,,,,,,,
88,43.93209,-115.66576,607094.0,4865196.0,11.0,2020-02-26 11:00:00,8,IDBRMC,ID,Boise River Basin,Mores Creek Summit,5.0, , ,5.0,10.0, , ,10.0, ,last measurement was 2020-02-18.,2020-02-26 11:00:00,POINT (-115.66576 43.93209),,,,,,,,,,
89,43.93209,-115.66576,607094.0,4865196.0,11.0,2020-03-03 11:00:00,9,IDBRMC,ID,Boise River Basin,Mores Creek Summit,1.0, , ,1.0,2.0, , ,2.0, ,last measurement was 2020-02-26.,2020-03-03 11:00:00,POINT (-115.66576 43.93209),,,,,,,,,,
90,43.93209,-115.66576,607094.0,4865196.0,11.0,2020-03-11 11:00:00,10,IDBRMC_20200311_1100,ID,Boise River Basin,Mores Creek Summit,4.0, , ,4.0,13.0, , ,13.0, , ,2020-03-11 11:00:00,POINT (-115.66576 43.93209),,,,,,,,,,
91,43.95496,-115.68155,605786.0,4867715.0,11.0,2020-01-29 11:00:00,4,IDBRT1,ID,Boise River Basin,TOW-1,44.0, , ,44.0, , , , , ,44 cm of new snow on the interval board. The upper 24 cm (of 44cm) were weighed in the SWE tube and had 39 mm of SWE. Board was last cleared on 2020-01-22. ,2020-01-29 11:00:00,POINT (-115.68155 43.95496),,,,,,,,,,
92,43.95496,-115.68155,605786.0,4867715.0,11.0,2020-02-05 13:00:00,5,IDBRT1_20200205_1300,ID,Boise River Basin,TOW-1,15.0, , ,15.0,26.0, , ,26.0, , ,2020-02-05 13:00:00,POINT (-115.68155 43.95496),,,,,,,,,,
93,43.95496,-115.68155,605786.0,4867715.0,11.0,2020-02-11 13:00:00,6,IDBRT1_20200211_0100,ID,Boise River Basin,TOW-1,47.0, , ,47.0,116.0, , ,116.0, , ,2020-02-11 13:00:00,POINT (-115.68155 43.95496),,,,,,,,,,
94,43.95496,-115.68155,605786.0,4867715.0,11.0,2020-02-18 13:00:00,7,IDBRT1_20200218_1300,ID,Boise River Basin,TOW-1,27.0, , ,27.0,38.0, , ,38.0, , ,2020-02-18 13:00:00,POINT (-115.68155 43.95496),,,,,,,,,,
95,43.95496,-115.68155,605786.0,4867715.0,11.0,2020-02-26 13:00:00,8,IDBRT1_20200226_1300,ID,Boise River Basin,TOW-1,2.0, , ,2.0,4.0, , ,4.0, , ,2020-02-26 13:00:00,POINT (-115.68155 43.95496),,,,,,,,,,
96,43.95496,-115.68155,605786.0,4867715.0,11.0,2020-03-03 13:00:00,9,IDBRT1_20200303_1300,ID,Boise River Basin,TOW-1,2.0, , ,2.0,5.0, , ,5.0, , ,2020-03-03 13:00:00,POINT (-115.68155 43.95496),,,,,,,,,,
97,43.95496,-115.68155,605786.0,4867715.0,11.0,2020-03-11 13:00:00,10,IDBRT1_20200311_1100,ID,Boise River Basin,TOW-1,11.0, , ,11.0,27.0, , ,27.0, , ,2020-03-11 13:00:00,POINT (-115.68155 43.95496),,,,,,,,,,
98,43.95248,-115.68159,605787.0,4867440.0,11.0,2020-01-29 11:00:00,4,IDBRT2,ID,Boise River Basin,TOW-2,45.0, , ,45.0, , , , , ,Total height of new snow (HN) was not recorded. The upper 24.5 cm of snow were weighed in the SWE tube and had 35 mm of SWE. Board was last cleared on 2020-01-22. ,2020-01-29 11:00:00,POINT (-115.68159 43.95248),,,,,,,,,,
99,43.95248,-115.68159,605787.0,4867440.0,11.0,2020-02-11 12:30:00,6,IDBRT2_20200211_1230,ID,Boise River Basin,TOW-2,41.0, , ,41.0,90.0, , ,90.0, , ,2020-02-11 12:30:00,POINT (-115.68159 43.95248),,,,,,,,,,
100,43.95248,-115.68159,605787.0,4867440.0,11.0,2020-02-18 12:30:00,7,IDBRT2_20200218_1230,ID,Boise River Basin,TOW-2,33.0, , ,33.0,40.0, , ,40.0, , ,2020-02-18 12:30:00,POINT (-115.68159 43.95248),,,,,,,,,,
101,43.95248,-115.68159,605787.0,4867440.0,11.0,2020-02-26 12:30:00,8,IDBRT2_20200226_1230,ID,Boise River Basin,TOW-2,5.0, , ,5.0,10.0, , ,10.0, , ,2020-02-26 12:30:00,POINT (-115.68159 43.95248),,,,,,,,,,
102,43.95248,-115.68159,605787.0,4867440.0,11.0,2020-03-03 12:30:00,9,IDBRT2_20200303_1230,ID,Boise River Basin,TOW-2,1.5, , ,1.5,2.0, , ,2.0, , ,2020-03-03 12:30:00,POINT (-115.68159 43.95248),,,,,,,,,,
103,43.95254,-115.67988,605924.0,4867449.0,11.0,2020-01-29 11:00:00,4,IDBRT3,ID,Boise River Basin,TOW-3,57.0, , ,57.0, , , , , ,57 cm of new snow on the interval board. The upper 26.5 cm (of 57cm) were weighed in the SWE tube and had 35 mm of SWE. Board was last cleared on 2020-01-22. ,2020-01-29 11:00:00,POINT (-115.67988 43.95254),,,,,,,,,,
104,43.95254,-115.67988,605924.0,4867449.0,11.0,2020-02-05 14:00:00,5,IDBRT3_20200205_0200,ID,Boise River Basin,TOW-3,14.0, , ,14.0,12.0, , ,12.0, ,very little to no ice ,2020-02-05 14:00:00,POINT (-115.67988 43.95254),,,,,,,,,,
105,43.95254,-115.67988,605924.0,4867449.0,11.0,2020-02-11 14:00:00,6,IDBRT3_20200211_0200,ID,Boise River Basin,TOW-3,34.0, , ,34.0,65.0, , ,65.0, , ,2020-02-11 14:00:00,POINT (-115.67988 43.95254),,,,,,,,,,
106,43.95254,-115.67988,605924.0,4867449.0,11.0,2020-02-18 14:00:00,7,IDBRT3_20200218_1400,ID,Boise River Basin,TOW-3,33.0, , ,33.0,33.0, , ,33.0, , ,2020-02-18 14:00:00,POINT (-115.67988 43.95254),,,,,,,,,,
107,43.95254,-115.67988,605924.0,4867449.0,11.0,2020-02-26 14:00:00,8,IDBRT3_20200226_1400,ID,Boise River Basin,TOW-3,2.0, , ,2.0,5.0, , ,5.0, , ,2020-02-26 14:00:00,POINT (-115.67988 43.95254),,,,,,,,,,
108,43.95254,-115.67988,605924.0,4867449.0,11.0,2020-03-11 14:00:00,10,IDBRT3_20200311_1400,ID,Boise River Basin,TOW-3,8.0, , ,8.0,19.0, , ,19.0, , ,2020-03-11 14:00:00,POINT (-115.67988 43.95254),,,,,,,,,,
109,43.73154,-116.13968,,,,,1,IDBRB1,ID,Boise River Basin,BB_1,10.0,8.0, ,,180.0,13.0, ,,Yes, ,2020-01-12 00:00:00,POINT (-116.13968 43.73154),,,2020-01-12,13:00,180.0,163.0, ,9.0,96.0,1067.0
110,43.73154,-116.13968,,,,,3,IDBRB1,ID,Boise River Basin,BB_1,10.0,10.0, ,,22.5,29.0, ,,Yes, ,2020-01-21 00:00:00,POINT (-116.13968 43.73154),,,2020-01-21,11:30,225.0,290.0, ,10.0,26.0,260.0
111,43.73154,-116.13968,,,,,5,IDBRB1,ID,Boise River Basin,BB_1,8.5,8.5, ,,12.0,12.0, ,,Yes, ,2020-02-03 00:00:00,POINT (-116.13968 43.73154),,,2020-02-03,13:00,142.0,142.0, ,8.5,12.0,142.0
112,43.73154,-116.13968,,,,,6,IDBRB1,ID,Boise River Basin,BB_1,17.5,16.5,18.5,,19.0,17.0,18.5,,Yes, ,2020-02-12 00:00:00,POINT (-116.13968 43.73154),,,2020-02-12,16:00,109.0,103.0,100.0,17.5,18.0,103.0
113,43.73154,-116.13968,,,,,7,IDBRB1,ID,Boise River Basin,BB_1,37.0,34.0, ,,55.0,55.0, ,,Yes, ,2020-02-19 00:00:00,POINT (-116.13968 43.73154),,,2020-02-19,12:00,149.0,162.0, ,35.5,55.0,155.0
114,43.73154,-116.13968,,,,,8,IDBRB1,ID,Boise River Basin,BB_1,2.0,1.5,2.0,,7.0,4.0,6.5,,No, ,2020-02-25 00:00:00,POINT (-116.13968 43.73154),,,2020-02-25,14:00,350.0,267.0,325.0,1.8,6.0,334.0
115,43.73154,-116.13968,,,,,1,IDBRB1,ID,Boise River Basin,BB_1,10.0,8.0, ,,18.0,13.0, ,,Yes, ,2021-01-12 00:00:00,POINT (-116.13968 43.73154),,,2021-01-12,11:00,180.0,166.0, ,9.0,16.0,178.0
116,43.73154,-116.13968,,,,,2,IDBRB1,ID,Boise River Basin,BB_1,10.0,10.0, ,,22.5,29.0, ,,Yes, ,2021-01-21 00:00:00,POINT (-116.13968 43.73154),,,2021-01-21,11:30,225.0,290.0, ,10.0,26.0,260.0
117,43.73154,-116.13968,,,,,4,IDBRB1,ID,Boise River Basin,BB_1,8.5,8.5, ,,12.0,12.0, ,,Yes, ,2021-02-03 00:00:00,POINT (-116.13968 43.73154),,,2021-02-03,13:00,142.0,142.0, ,8.5,12.0,142.0
118,43.73154,-116.13968,,,,,5,IDBRB1,ID,Boise River Basin,BB_1,17.5,16.5,18.5,,19.0,17.0,18.5,,Yes, ,2021-02-12 00:00:00,POINT (-116.13968 43.73154),,,2021-02-12,16:00,109.0,103.0,100.0,17.5,18.0,103.0
119,43.73154,-116.13968,,,,,6,IDBRB1,ID,Boise River Basin,BB_1,20.0,17.0, ,,30.0,29.0, ,,Yes, ,2021-02-19 00:00:00,POINT (-116.13968 43.73154),,,2021-02-19,12:00,150.0,186.0, ,18.5,30.0,163.0
120,43.73154,-116.13968,,,,,7,IDBRB1,ID,Boise River Basin,BB_1,2.0,1.5,2.0,,7.0,4.0,6.5,,No, ,2021-02-25 00:00:00,POINT (-116.13968 43.73154),,,2021-02-25,14:00,350.0,267.0,325.0,1.8,6.0,334.0
121,43.73154,-116.13968,,,,,11,IDBRB1,ID,Boise River Basin,BB_1,10.0,8.0,8.0,,15.0,12.0,12.0,,Yes, ,2021-03-23 00:00:00,POINT (-116.13968 43.73154),,,2021-03-23,11:00,150.0,150.0,150.0,8.7,13.0,150.0
122,43.73302,-116.1227,,,,,0,IDBRB2,ID,Boise River Basin,BB_2,40.0,40.0, ,,149.0,151.0, ,,No, ,2021-01-05 00:00:00,POINT (-116.1227 43.73302),,,2021-01-05,13:32,373.0,378.0, ,40.0,150.0,375.0
123,43.73302,-116.1227,,,,,2,IDBRB2,ID,Boise River Basin,BB_2,8.0,7.5,8.0,,18.5,17.0,17.5,,No, ,2021-01-21 00:00:00,POINT (-116.1227 43.73302),,,2021-01-21,11:25,232.0,227.0,219.0,7.8,18.0,231.0
124,43.73302,-116.1227,,,,,4,IDBRB2,ID,Boise River Basin,BB_2,13.8,14.0,14.0,,19.5,20.5,20.0,,No, ,2021-02-03 00:00:00,POINT (-116.1227 43.73302),,,2021-02-03,13:45,142.0,147.0,143.0,13.9,20.0,144.0
125,43.73302,-116.1227,,,,,5,IDBRB2,ID,Boise River Basin,BB_2,20.5,19.0,19.5,,24.0,24.0,24.5,,Yes, ,2021-02-12 00:00:00,POINT (-116.1227 43.73302),,,2021-02-12,13:30,118.0,127.0,126.0,19.7,24.0,122.0
126,43.73302,-116.1227,,,,,6,IDBRB2,ID,Boise River Basin,BB_2,41.0,40.0, ,,68.0,70.0, ,,Yes, ,2021-02-19 00:00:00,POINT (-116.1227 43.73302),,,2021-02-19,14:30,166.0,175.0, ,40.5,69.0,171.0
127,43.73302,-116.1227,,,,,7,IDBRB2,ID,Boise River Basin,BB_2,4.5,4.0,4.5,,12.0,12.0,13.0,,Yes, ,2021-02-25 00:00:00,POINT (-116.1227 43.73302),,,2021-02-25,14:00,267.0,300.0,289.0,4.3,12.0,280.0
128,43.73302,-116.1227,,,,,11,IDBRB2,ID,Boise River Basin,BB_2,8.0,8.0, ,,14.0,14.0, ,,Yes, ,2021-03-23 00:00:00,POINT (-116.1227 43.73302),,,2021-03-23,12:20,165.0,165.0, ,8.0,14.0,175.0
129,43.73636,-116.1209,,,,,1,IDBRB3,ID,Boise River Basin,BB_3, , , ,, , , ,,No,Placed interval board. Time taken from snow pit time. 'No' selected by default. ,2021-01-15 00:00:00,POINT (-116.1209 43.73636),,,2021-01-15,14:57, , , , , , 
130,43.73636,-116.1209,,,,,2,IDBRB3,ID,Boise River Basin,BB_3, , , ,, , , ,,No,Time taken from snow pit time. 'No' selected by default. No notes as to why no measurements were taken. Perhaps all 0's? Should confirm with observers. ,2021-01-21 00:00:00,POINT (-116.1209 43.73636),0.01749928668141365,0.020420463755726814,2021-01-21,11:24, , , , , , 
131,43.73636,-116.1209,,,,,3,IDBRB3,ID,Boise River Basin,BB_3,1.0, , ,, , , ,,No,Time taken from snow pit time. 'No' selected by default. ,2021-01-26 00:00:00,POINT (-116.1209 43.73636),-0.011001492850482464,-0.04125155881047249,2021-01-26,13:35, , , ,1.0, , 
132,43.73636,-116.1209,,,,,5,IDBRB3,ID,Boise River Basin,BB_3, , , ,, , , ,,No,Time taken from snow pit time. 'No' selected by default. Didn't have time to clear last week (2/4). ,2021-02-09 00:00:00,POINT (-116.1209 43.73636),,,2021-02-09,13:00, , , , , , 
133,43.73636,-116.1209,,,,,6,IDBRB3,ID,Boise River Basin,BB_3,12.0,12.0,12.0,,30.0,27.0,25.0,,No,"Time taken from snow pit time. Ask observers about note: ""true depth 45, 58, 51"". Snow bomb hit board. ",2021-02-16 00:00:00,POINT (-116.1209 43.73636),,,2021-02-16,14:05,250.0,225.0,209.0,12.0,27.0,225.0
134,43.73636,-116.1209,,,,,7,IDBRB3,ID,Boise River Basin,BB_3,12.0,13.0,11.0,,25.0,26.0,24.0,,No,Time taken from snow pit time. ,2021-02-23 00:00:00,POINT (-116.1209 43.73636),,,2021-02-23,12:45,208.0,200.0,218.0,12.0,25.0,209.0
135,43.73636,-116.1209,,,,,8,IDBRB3,ID,Boise River Basin,BB_3,9.5,10.0,10.5,,15.0,15.0,15.0,,Yes,Time taken from snow pit time. ,2021-03-02 00:00:00,POINT (-116.1209 43.73636),,,2021-03-02,13:35,158.0,150.0,143.0,10.0,15.0,150.0
136,43.73636,-116.1209,,,,,9,IDBRB3,ID,Boise River Basin,BB_3,1.0,1.0,1.0,,2.0,2.0,3.0,,Yes,Time taken from snow pit time. ,2021-03-09 00:00:00,POINT (-116.1209 43.73636),-0.11264020204544067,-0.09735345095396042,2021-03-09,12:00,200.0,200.0,300.0,1.0,2.0,200.0
137,43.73636,-116.1209,,,,,10,IDBRB3,ID,Boise River Basin,BB_3, , , ,, , , ,,No,Time taken from snow pit time. 'No' selected by default. Ask observers why no measurements/notes? Perhaps discard? ,2021-03-16 00:00:00,POINT (-116.1209 43.73636),-0.07169629633426666,-0.0675041452050209,2021-03-16,13:30, , , , , , 
138,43.73636,-116.1209,,,,,11,IDBRB3,ID,Boise River Basin,BB_3,6.0,6.0,5.5,,7.0,8.0,8.0,,No,Time taken from snow pit time. ,2021-03-23 00:00:00,POINT (-116.1209 43.73636),0.0027004152070730925,0.0135918278247118,2021-03-23,14:15,117.0,133.0,145.0,5.8,8.0,138.0
139,43.73747,-116.12167,,,,,1,IDBRB4,ID,Boise River Basin,BB_4, , , ,, , , ,,No,Placed the board today. ,2021-01-15 00:00:00,POINT (-116.12167 43.73747),,,2021-01-15,13:35, , , , , , 
140,43.73747,-116.12167,,,,,2,IDBRB4,ID,Boise River Basin,BB_4,0.0,0.0,0.0,,0.0,0.0,0.0,,No,Time taken from snow pit time. 'No' selected by default. ,2021-01-20 00:00:00,POINT (-116.12167 43.73747),0.03541627898812294,0.039016030728816986,2021-01-20,10:00,0.0,0.0,0.0,0.0,0.0, 
141,43.73747,-116.12167,,,,,3,IDBRB4,ID,Boise River Basin,BB_4,2.5,2.8,2.5,,7.62,10.16,10.16,,Yes, ,2021-01-26 00:00:00,POINT (-116.12167 43.73747),-0.014712421223521233,-0.02223203144967556,2021-01-26,12:05,305.0,363.0,407.0,2.6,9.0,347.0
142,43.73747,-116.12167,,,,,4,IDBRB4,ID,Boise River Basin,BB_4,10.0,11.0,11.0,,15.0,14.0,15.0,,Yes,Time taken from snow pit time. Near base of snow is _____? (M.Mason doesn't know what the field sheet says). ,2021-02-04 00:00:00,POINT (-116.12167 43.73747),0.16509604454040527,,2021-02-04,10:35,150.0,128.0,137.0,10.7,15.0,141.0
143,43.73747,-116.12167,,,,,5,IDBRB4,ID,Boise River Basin,BB_4,0.0,0.0,0.0,,0.0,0.0,0.0,,No,Time taken from pit sheet time. ,2021-02-09 00:00:00,POINT (-116.12167 43.73747),-0.0218837708234787,-0.003662154544144869,2021-02-09,11:30,0.0,0.0,0.0,0.0,0.0, 
144,43.73747,-116.12167,,,,,6,IDBRB4,ID,Boise River Basin,BB_4,12.0,12.0,12.0,,38.1,31.75,38.1,,No,"Time takens from snow pit time. This sheet should be checked with observers, as the notes on the left side need further explanation: ""True depth 45, 46, 44 (same snow layer)"". ",2021-02-16 00:00:00,POINT (-116.12167 43.73747),,,2021-02-16,12:26,318.0,265.0,318.0,12.0,36.0,300.0
145,43.73747,-116.12167,,,,,7,IDBRB4,ID,Boise River Basin,BB_4,10.0,9.0,9.0,,21.0,21.0,21.0,,No,Time taken from pit sheet time. ,2021-02-23 00:00:00,POINT (-116.12167 43.73747),,,2021-02-23,10:23,210.0,233.0,233.0,9.3,21.0,226.0
146,43.73747,-116.12167,,,,,8,IDBRB4,ID,Boise River Basin,BB_4,4.0,3.5,4.0,,10.0,10.0,13.0,,Yes,Time taken from snow pit time. ,2021-03-02 00:00:00,POINT (-116.12167 43.73747),,,2021-03-02,12:00,250.0,286.0,325.0,3.8,11.0,290.0
147,43.73747,-116.12167,,,,,9,IDBRB4,ID,Boise River Basin,BB_4, , , ,, , , ,,No,Board was knocked over,2021-03-09 00:00:00,POINT (-116.12167 43.73747),-0.15181361138820648,-0.1549934446811676,2021-03-09,10:30, , , , , , 
148,43.73747,-116.12167,,,,,11,IDBRB4,ID,Boise River Basin,BB_4,3.5,3.5,3.5,,10.0,9.0,10.0,,No,Time taken from snow pit time. Wind packed. ,2021-03-23 00:00:00,POINT (-116.12167 43.73747),,,2021-03-23,13:09,286.0,257.0,286.0,3.5,10.0,286.0
149,43.76006,-116.10379,,,,,0,IDBRB5,ID,Boise River Basin,BB_5,90.0,90.0, ,,192.0,193.0, ,,Yes, ,2021-01-07 00:00:00,POINT (-116.10379 43.76006),,,2021-01-07,12:00,214.0,215.0, ,90.0,192.0,214.0
150,43.76006,-116.10379,,,,,1,IDBRB5,ID,Boise River Basin,BB_5,6.0,6.0, ,,12.0,12.0, ,,Yes, ,2021-01-16 00:00:00,POINT (-116.10379 43.76006),,,2021-01-16,12:15,200.0,200.0, ,6.0,12.0,200.0
151,43.76006,-116.10379,,,,,2,IDBRB5,ID,Boise River Basin,BB_5,3.5,4.0, ,,6.0,6.0, ,,Yes, ,2021-01-22 00:00:00,POINT (-116.10379 43.76006),,,2021-01-22,13:30,172.0,150.0, ,3.8,6.0,158.0
152,43.76006,-116.10379,,,,,3,IDBRB5,ID,Boise River Basin,BB_5,21.0,19.0,22.0,,25.0,21.0,26.5,,No, ,2021-01-29 00:00:00,POINT (-116.10379 43.76006),,,2021-01-29,14:40,119.0,111.0,121.0,20.7,24.0,116.0
153,43.76006,-116.10379,,,,,4,IDBRB5,ID,Boise River Basin,BB_5,15.5,16.5, ,,20.0,23.0, ,,No, ,2021-02-05 00:00:00,POINT (-116.10379 43.76006),,,2021-02-05,13:30,129.0,140.0, ,16.0,22.0,138.0
154,43.76006,-116.10379,,,,,7,IDBRB5,ID,Boise River Basin,BB_5,14.0,14.5, ,,25.0,25.0, ,,No, ,2021-02-23 00:00:00,POINT (-116.10379 43.76006),,,2021-02-23,12:00,179.0,173.0, ,14.2,25.0,177.0
155,43.76006,-116.10379,,,,,8,IDBRB5,ID,Boise River Basin,BB_5,18.0,17.5, ,,28.0,27.0, ,,No, ,2021-03-02 00:00:00,POINT (-116.10379 43.76006),,,2021-03-02,14:00,156.0,155.0, ,17.8,28.0,158.0
156,43.75717,-116.09092,,,,,46,IDBRB6,ID,Boise River Basin,BB_6,63.0,63.0, ,,120.5,131.0, ,,Yes, ,2020-11-18 00:00:00,POINT (-116.09092 43.75717),,,2020-11-18,10:30,192.0,208.0, ,63.0,126.0,200.0
157,43.75717,-116.09092,,,,,48,IDBRB6,ID,Boise River Basin,BB_6,2.5,3.0,3.5,,8.0,7.0,8.0,,Yes, ,2020-12-02 00:00:00,POINT (-116.09092 43.75717),,,2020-12-02,13:00,202.0,147.0,144.0,3.0,8.0,267.0
158,43.75717,-116.09092,,,,,49,IDBRB6,ID,Boise River Basin,BB_6,2.5,3.0,3.5,,8.0,7.0,8.0,,Yes, ,2020-12-09 00:00:00,POINT (-116.09092 43.75717),,,2020-12-09,12:30,202.0,147.0,144.0,3.0,8.0,267.0
159,43.75717,-116.09092,,,,,50,IDBRB6,ID,Boise River Basin,BB_6,6.0,7.0,7.0,,9.0,9.5,9.0,,No, ,2020-12-16 00:00:00,POINT (-116.09092 43.75717),,,2020-12-16,16:00,150.0,136.0,129.0,6.7,9.0,135.0
160,43.75717,-116.09092,,,,,51,IDBRB6,ID,Boise River Basin,BB_6,22.5,23.5,23.5,,77.0,87.0,90.0,,No, ,2020-12-27 00:00:00,POINT (-116.09092 43.75717),,,2020-12-27,14:20,216.0,233.0,241.0,23.2,85.0,367.0
161,43.75717,-116.09092,,,,,0,IDBRB6,ID,Boise River Basin,BB_6,56.0,56.0, ,,91.0,93.0, ,,Yes, ,2021-01-07 00:00:00,POINT (-116.09092 43.75717),,,2021-01-07,13:45,163.0,166.0, ,56.0,92.0,165.0
162,43.75717,-116.09092,,,,,1,IDBRB6,ID,Boise River Basin,BB_6,13.0,12.0,11.5,,27.5,27.0,27.0,,Yes, ,2021-01-14 00:00:00,POINT (-116.09092 43.75717),,,2021-01-14,14:15,212.0,225.0,235.0,12.2,27.0,222.0
163,43.75717,-116.09092,,,,,2,IDBRB6,ID,Boise River Basin,BB_6,7.0,7.0, ,,8.5,9.0, ,,Yes, ,2021-01-22 00:00:00,POINT (-116.09092 43.75717),,,2021-01-22,12:15,122.0,129.0, ,7.0,9.0,129.0
164,43.75717,-116.09092,,,,,3,IDBRB6,ID,Boise River Basin,BB_6,8.0,8.5,8.0,,8.0,8.5,8.5,,No, ,2021-01-27 00:00:00,POINT (-116.09092 43.75717),,,2021-01-27,14:00,100.0,100.0,106.0,8.2,8.0,98.0
165,43.75717,-116.09092,,,,,4,IDBRB6,ID,Boise River Basin,BB_6,21.0,21.0,21.0,,30.0,30.5,31.0,,Yes, ,2021-02-02 00:00:00,POINT (-116.09092 43.75717),0.1531411111354828,,2021-02-02,14:00,143.0,145.0, ,21.0,30.0,143.0
166,43.75717,-116.09092,,,,,6,IDBRB6,ID,Boise River Basin,BB_6,73.0,75.0, ,,119.0,130.0, ,,No, ,2021-02-17 00:00:00,POINT (-116.09092 43.75717),,,2021-02-17,14:15,163.0,174.0, ,74.0,124.0,168.0
167,43.75717,-116.09092,,,,,8,IDBRB6,ID,Boise River Basin,BB_6,20.0,22.0,22.0,,32.0,35.0,35.0,,Yes, ,2021-03-02 00:00:00,POINT (-116.09092 43.75717),,,2021-03-02,14:30,160.0,160.0,160.0,21.3,34.0,160.0
168,43.75717,-116.09092,,,,,9,IDBRB6,ID,Boise River Basin,BB_6,2.5,2.0,3.5,,5.5,4.5,7.0,,No, ,2021-03-09 00:00:00,POINT (-116.09092 43.75717),-0.14563283324241638,-0.15982697904109955,2021-03-09,15:30,220.0,225.0,200.0,2.7,6.0,223.0
169,43.75717,-116.09092,,,,,10,IDBRB6,ID,Boise River Basin,BB_6,0.0, , ,,0.0, , ,,No, ,2021-03-18 00:00:00,POINT (-116.09092 43.75717),,,2021-03-18,14:00, , , ,0.0,0.0, 
170,43.75717,-116.09092,,,,,11,IDBRB6,ID,Boise River Basin,BB_6,13.0,14.0,13.0,,24.0,26.5,24.0,,Yes, ,2021-03-23 00:00:00,POINT (-116.09092 43.75717),,,2021-03-23,15:15,185.0,190.0,185.0,13.3,25.0,188.0
171,43.75729,-116.09081,,,,,46,IDBRB7,ID,Boise River Basin,BB_7,63.0,63.0, ,,153.5,147.0, ,,No, ,2020-11-18 00:00:00,POINT (-116.09081 43.75729),,,2020-11-18,10:45,110.0,234.0, ,63.0,150.0,239.0
172,43.75729,-116.09081,,,,,49,IDBRB7,ID,Boise River Basin,BB_7,2.5,3.0,3.5,,8.0,7.0,8.0,,Yes, ,2020-12-09 00:00:00,POINT (-116.09081 43.75729),,,2020-12-09,13:00,320.0,233.0,229.0,3.0,8.0,267.0
173,43.75729,-116.09081,,,,,50,IDBRB7,ID,Boise River Basin,BB_7,7.0,7.5,7.5,,10.0,10.5,10.5,,No, ,2020-12-16 00:00:00,POINT (-116.09081 43.75729),,,2020-12-16,16:15,142.0,140.0,140.0,7.3,10.0,137.0
174,43.75729,-116.09081,,,,,50,IDBRB7,ID,Boise River Basin,BB_7,13.2,13.3, ,,42.0,42.0, ,,Yes, ,2020-12-18 00:00:00,POINT (-116.09081 43.75729),,,2020-12-18,13:45,200.0,199.0, ,13.2,42.0,319.0
175,43.75729,-116.09081,,,,,51,IDBRB7,ID,Boise River Basin,BB_7,23.0,23.5,22.0,,92.0,84.0,82.0,,No, ,2020-12-27 00:00:00,POINT (-116.09081 43.75729),,,2020-12-27,14:00,252.0,225.0,235.0,22.8,86.0,378.0
176,43.75729,-116.09081,,,,,0,IDBRB7,ID,Boise River Basin,BB_7,55.0,55.0, ,,84.0,85.0, ,,Yes, ,2021-01-07 00:00:00,POINT (-116.09081 43.75729),,,2021-01-07,13:30,153.0,155.0, ,55.0,84.0,153.0
177,43.75729,-116.09081,,,,,1,IDBRB7,ID,Boise River Basin,BB_7,11.5,12.0, ,,28.0,28.0, ,,Yes, ,2021-01-14 00:00:00,POINT (-116.09081 43.75729),,,2021-01-14,14:00,244.0,234.0, ,11.8,28.0,238.0
178,43.75729,-116.09081,,,,,2,IDBRB7,ID,Boise River Basin,BB_7,7.0,7.0, ,,9.5,10.0, ,,Yes, ,2021-01-22 00:00:00,POINT (-116.09081 43.75729),,,2021-01-22,12:00,136.0,143.0, ,7.0,10.0,143.0
179,43.75729,-116.09081,,,,,4,IDBRB7,ID,Boise River Basin,BB_7,4.5,4.5,5.0,,8.0,8.0,7.5,,Yes, ,2021-02-02 00:00:00,POINT (-116.09081 43.75729),,,2021-02-02,14:10,178.0,178.0,150.0,4.7,8.0,171.0
180,43.75729,-116.09081,,,,,8,IDBRB7,ID,Boise River Basin,BB_7,22.0,22.0,22.5,,35.0,37.5,36.0,,Yes, ,2021-03-02 00:00:00,POINT (-116.09081 43.75729),,,2021-03-02,14:50,160.0,171.0,160.0,22.2,36.0,163.0
181,43.75729,-116.09081,,,,,9,IDBRB7,ID,Boise River Basin,BB_7,3.5,3.0, ,,8.0,7.5, ,,No, ,2021-03-09 00:00:00,POINT (-116.09081 43.75729),-0.1462523192167282,-0.1608743518590927,2021-03-09,15:30,229.0,250.0, ,3.2,8.0,250.0
182,43.75729,-116.09081,,,,,10,IDBRB7,ID,Boise River Basin,BB_7,0.0, , ,,0.0, , ,,No, ,2021-03-18 00:00:00,POINT (-116.09081 43.75729),,,2021-03-18,14:00, , , ,0.0,0.0, 
183,43.75729,-116.09081,,,,,11,IDBRB7,ID,Boise River Basin,BB_7,14.0,15.0,14.0,,25.0,27.0,26.0,,Yes, ,2021-03-23 00:00:00,POINT (-116.09081 43.75729),,,2021-03-23,15:30,179.0,180.0,186.0,14.3,26.0,182.0
184,44.07249,-115.51688,,,,,3,IDBRL1,ID,Boise River Basin,LR_1,23.0,23.0,23.0,,16.0,17.0,17.0,,Yes, ,2021-01-27 00:00:00,POINT (-115.51688 44.07249),,,2021-01-27,8:20,70.0,74.0,74.0,23.0,17.0,74.0
185,44.07249,-115.51688,,,,,3,IDBRL1,ID,Boise River Basin,LR_1,23.0,23.0,23.0,,16.0,17.0,17.0,,Yes, ,2021-01-27 00:00:00,POINT (-115.51688 44.07249),,,2021-01-27,8:20,70.0,74.0,74.0,23.0,17.0,74.0
186,44.07249,-115.51688,,,,,4,IDBRL1,ID,Boise River Basin,LR_1,0.3,0.2, ,,2.0, , ,,Yes,melt on all LR boards due to 20210202 rain event,2021-02-04 00:00:00,POINT (-115.51688 44.07249),0.1581762731075287,0.08198951929807663,2021-02-04,8:00,666.0, , ,0.2,2.0,1000.0
187,44.07249,-115.51688,,,,,5,IDBRL1,ID,Boise River Basin,LR_1,2.0,2.0,2.0,,3.5,5.5,6.0,,Yes, ,2021-02-10 00:00:00,POINT (-115.51688 44.07249),-0.09571586549282074,-0.1275029331445694,2021-02-10,09:03,175.0,275.0,300.0,2.0,5.0,250.0
188,44.07249,-115.51688,,,,,7,IDBRL1,ID,Boise River Basin,LR_1,1.0,1.0,1.0,,0.1,0.1,0.1,,Yes,Board was checked two days prior (2/23) by avy forecaster on day of UAVSAR flight,2021-02-25 00:00:00,POINT (-115.51688 44.07249),,,2021-02-25,08:55,100.0,100.0,100.0,1.0,0.0,0.0
189,44.07249,-115.51688,,,,,8,IDBRL1,ID,Boise River Basin,LR_1,9.0,9.0,9.0,,14.5,14.5,15.0,,No, ,2021-03-03 00:00:00,POINT (-115.51688 44.07249),,,2021-03-03,8:00, , , ,9.0,15.0,167.0
190,44.07249,-115.51688,,,,,9,IDBRL1,ID,Boise River Basin,LR_1,0.0, , ,,0.0, , ,,No, ,2021-03-10 00:00:00,POINT (-115.51688 44.07249),-0.13965454697608948,-0.14029310643672943,2021-03-10,10:00, , , ,0.0,0.0, 
191,44.07249,-115.51688,,,,,10,IDBRL1,ID,Boise River Basin,LR_1,0.0, , ,,0.0, , ,,No, ,2021-03-17 00:00:00,POINT (-115.51688 44.07249),-0.11243607848882675,-0.11345933377742767,2021-03-17,10:00, , , ,0.0,0.0, 
192,44.07249,-115.51688,,,,,11,IDBRL1,ID,Boise River Basin,LR_1,0.0, , ,,0.0, , ,,Yes, ,2021-03-22 00:00:00,POINT (-115.51688 44.07249),-0.01578432135283947,0.014575825072824955,2021-03-22,8:00, , , ,0.0,0.0, 
193,44.13563,-115.31426,,,,,1,IDBRL2,ID,Boise River Basin,LR_2,76.0,78.0,75.0,,186.0, , ,,Yes,"HP should have remained of measurements in notebook for LR boards. Boards had not been checked in 2 weeks since I was in MT, so it was decided to do 1 SWE measurement and 3 depths ",2021-01-15 00:00:00,POINT (-115.31426 44.13563),,,2021-01-15,8:00,243.0, , ,76.3,186.0,244.0
194,44.13563,-115.31426,,,,,2,IDBRL2,ID,Boise River Basin,LR_2,1.5,2.0,2.0,,3.0,3.0,3.5,,Yes, ,2021-01-20 00:00:00,POINT (-115.31426 44.13563),-0.06969832628965378,-0.07100122421979904,2021-01-20,8:30,200.0,150.0,175.0,1.8,3.0,167.0
195,44.13563,-115.31426,,,,,3,IDBRL2,ID,Boise River Basin,LR_2,18.0,18.0,17.0,,16.0,17.0,17.0,,Yes, ,2021-01-27 00:00:00,POINT (-115.31426 44.13563),0.04304206743836403,0.052402738481760025,2021-01-27,8:50,89.0,94.0,100.0,17.7,17.0,97.0
196,44.13563,-115.31426,,,,,4,IDBRL2,ID,Boise River Basin,LR_2,3.0,3.0,3.0,,3.5,3.5,3.0,,Yes, ,2021-02-04 00:00:00,POINT (-115.31426 44.13563),0.2341419905424118,,2021-02-04,8:30,116.0,116.0,100.0,3.0,3.0,100.0
197,44.13563,-115.31426,,,,,5,IDBRL2,ID,Boise River Basin,LR_2,4.5,4.0,4.0,,8.0,7.0,6.5,,Yes, ,2021-02-10 00:00:00,POINT (-115.31426 44.13563),-0.09771919250488281,-0.11653038114309311,2021-02-10,09:29,177.0,175.0,163.0,4.2,7.0,167.0
198,44.13563,-115.31426,,,,,7,IDBRL2,ID,Boise River Basin,LR_2,0.5,0.5,0.5,,0.05,0.05,0.05,,No,"Could have recorded as ""trace"". The 0.5cm was very clear and even on the board, but the scale really did not register above 0mm. Board was checked two days prior (2/23) by avy forecaster on day of UAVSAR flight.",2021-02-25 00:00:00,POINT (-115.31426 44.13563),,,2021-02-25,09:18,100.0,100.0,100.0,0.5,0.0,0.0
199,44.13563,-115.31426,,,,,8,IDBRL2,ID,Boise River Basin,LR_2,13.0,13.5,14.0,,20.0,20.0,20.0,,No, ,2021-03-03 00:00:00,POINT (-115.31426 44.13563),,,2021-03-03,8:30, , , ,13.5,20.0,149.0
200,44.13563,-115.31426,,,,,9,IDBRL2,ID,Boise River Basin,LR_2,0.0, , ,,0.0, , ,,No, ,2021-03-10 00:00:00,POINT (-115.31426 44.13563),-0.14630421996116638,-0.14219063520431519,2021-03-10,10:20, , , ,0.0,0.0, 
201,44.13563,-115.31426,,,,,10,IDBRL2,ID,Boise River Basin,LR_2,0.0, , ,,0.0, , ,,No, ,2021-03-17 00:00:00,POINT (-115.31426 44.13563),-0.11604476720094681,-0.11599685996770859,2021-03-17,10:20, , , ,0.0,0.0, 
202,44.13563,-115.31426,,,,,11,IDBRL2,ID,Boise River Basin,LR_2,1.5,1.0,2.0,,6.0,6.0,6.0,,Yes, ,2021-03-22 00:00:00,POINT (-115.31426 44.13563),-0.015020373277366161,0.0014686028007417917,2021-03-22,8:30,400.0,600.0,300.0,1.5,6.0,400.0
203,44.19866,-115.24869,,,,,1,IDBRL3,ID,Boise River Basin,LR_3,73.0,74.0,73.0,,182.0, , ,,Yes, ,2021-01-15 00:00:00,POINT (-115.24869 44.19866),,,2021-01-15,8:20,249.0, , ,73.3,182.0,249.0
204,44.19866,-115.24869,,,,,2,IDBRL3,ID,Boise River Basin,LR_3,3.0,3.0,3.0,,4.0,4.0,4.0,,No, ,2021-01-20 00:00:00,POINT (-115.24869 44.19866),-0.04636495187878609,-0.05656571313738823,2021-01-20,8:50,133.0,133.0,133.0,3.0,4.0,134.0
205,44.19866,-115.24869,,,,,3,IDBRL3,ID,Boise River Basin,LR_3,11.0,11.0,12.0,,11.0,11.0,11.0,,No, ,2021-01-27 00:00:00,POINT (-115.24869 44.19866),0.014891576021909714,0.022615332156419754,2021-01-27,9:00,100.0,100.0,92.0,11.3,11.0,98.0
206,44.19866,-115.24869,,,,,4,IDBRL3,ID,Boise River Basin,LR_3,10.0,10.0,9.5,,22.0,22.0,21.5,,Yes, ,2021-02-04 00:00:00,POINT (-115.24869 44.19866),0.17866407334804535,0.20420333743095398,2021-02-04,9:00,220.0,220.0,226.0,9.8,22.0,225.0
207,44.19866,-115.24869,,,,,5,IDBRL3,ID,Boise River Basin,LR_3,6.5,6.0,6.5,,8.0,8.0,8.5,,No,"LR_3 is more shaded and right at the lip of the ridge, it did not see melt like LR_1, LR_2, and LR_4 saw. ",2021-02-10 00:00:00,POINT (-115.24869 44.19866),-0.08187251538038254,-0.1096416786313057,2021-02-10,09:58,123.0,133.0,130.0,6.3,8.0,127.0
208,44.19866,-115.24869,,,,,7,IDBRL3,ID,Boise River Basin,LR_3,0.25, , ,,0.0, , ,,Yes, ,2021-02-25 00:00:00,POINT (-115.24869 44.19866),,,2021-02-25,09:35,0.0, , ,0.2,0.0,0.0
209,44.19866,-115.24869,,,,,8,IDBRL3,ID,Boise River Basin,LR_3,9.0,10.0,11.0,,20.0,22.0,19.0,,Yes, ,2021-03-03 00:00:00,POINT (-115.24869 44.19866),,,2021-03-03,9:00, , , ,10.0,20.0,200.0
210,44.19866,-115.24869,,,,,9,IDBRL3,ID,Boise River Basin,LR_3,0.0, , ,,0.0, , ,,No, ,2021-03-10 00:00:00,POINT (-115.24869 44.19866),-0.11979624629020691,-0.10969526320695877,2021-03-10,10:30, , , ,0.0,0.0, 
211,44.19866,-115.24869,,,,,10,IDBRL3,ID,Boise River Basin,LR_3,0.0, , ,,0.0, , ,,No, ,2021-03-17 00:00:00,POINT (-115.24869 44.19866),-0.08880331367254257,-0.08144322782754898,2021-03-17,10:40, , , ,0.0,0.0, 
212,44.19866,-115.24869,,,,,11,IDBRL3,ID,Boise River Basin,LR_3,4.0,4.0,4.5,,8.0,7.0,7.5,,Yes, ,2021-03-22 00:00:00,POINT (-115.24869 44.19866),0.0054321931675076485,,2021-03-22,8:30,200.0,175.0,167.0,4.2,8.0,191.0
213,44.23075,-115.21862,,,,,2,IDBRL4,ID,Boise River Basin,LR_4,3.0,3.0,3.5,,4.0,4.5,5.0,,Yes, ,2021-01-20 00:00:00,POINT (-115.21862 44.23075),,,2021-01-20,9:00,133.0,150.0,143.0,3.2,4.0,125.0
214,44.23075,-115.21862,,,,,3,IDBRL4,ID,Boise River Basin,LR_4,14.5,14.5,14.0,,16.0,15.0,16.0,,Yes, ,2021-01-27 00:00:00,POINT (-115.21862 44.23075),0.001118228305131197,0.012027421034872532,2021-01-27,9:30,110.0,103.0,114.0,14.3,16.0,112.0
215,44.23075,-115.21862,,,,,4,IDBRL4,ID,Boise River Basin,LR_4,18.0,18.0,18.5,,27.0,28.0,27.5,,Yes, ,2021-02-04 00:00:00,POINT (-115.21862 44.23075),0.21067224442958832,0.26894521713256836,2021-02-04,10:20,150.0,156.0,149.0,18.2,28.0,154.0
216,44.23075,-115.21862,,,,,5,IDBRL4,ID,Boise River Basin,LR_4,5.5,6.0,6.5,,9.0,8.5,9.5,,Yes, ,2021-02-10 00:00:00,POINT (-115.21862 44.23075),-0.09414676576852798,-0.1364482045173645,2021-02-10,10:13,163.0,142.0,146.0,6.0,9.0,150.0
217,44.23075,-115.21862,,,,,7,IDBRL4,ID,Boise River Basin,LR_4, , , ,, , , ,,No,"This interval board was burried by an avalanche [insert questionable look on field safety protocol]. Lowman Road was closed 2/22@1700-2/23@1300 totaling 20hrs of closure time - likely that was the timing of the avalanche, but avy forecasters will have more information. There was no site of the board what so ever. The avalanche path was on the right hand side of the road, crossed the river, and came up to the pull out. The debris was flush with the snowplow piles at the pullout. In other words - the interval board had ~2m of new snow ;)",2021-02-25 00:00:00,POINT (-115.21862 44.23075),,,2021-02-25,09:45, , , , , , 
218,44.23075,-115.21862,,,,,8,IDBRL4,ID,Boise River Basin,LR_4,8.0,8.5,9.0,,20.0,21.0,22.0,,Yes, ,2021-03-03 00:00:00,POINT (-115.21862 44.23075),,,2021-03-03,9:30, , , ,8.5,21.0,248.0
219,44.23075,-115.21862,,,,,9,IDBRL4,ID,Boise River Basin,LR_4,0.0, , ,,0.0, , ,,No, ,2021-03-10 00:00:00,POINT (-115.21862 44.23075),-0.12731298804283142,-0.10129402577877045,2021-03-10,10:40, , , ,0.0,0.0, 
220,44.23075,-115.21862,,,,,10,IDBRL4,ID,Boise River Basin,LR_4,0.0, , ,,0.0, , ,,No, ,2021-03-17 00:00:00,POINT (-115.21862 44.23075),-0.11996173113584518,-0.12853692471981049,2021-03-17,11:00, , , ,0.0,0.0, 
221,44.23075,-115.21862,,,,,11,IDBRL4,ID,Boise River Basin,LR_4,6.0,6.5,6.0,,13.0,12.0,13.0,,Yes, ,2021-03-22 00:00:00,POINT (-115.21862 44.23075),0.013234790414571762,0.04986516758799553,2021-03-22,10:00,217.0,185.0, ,6.2,13.0,210.0
222,44.30344,-115.23461,,,,,49,IDBRL5,ID,Boise River Basin,LR_5,5.5,5.5,5.5,,7.0,8.0,9.0,,Yes, ,2020-12-08 00:00:00,POINT (-115.23461 44.30344),,,2020-12-08,13:00,128.0,145.0,164.0,5.5,8.0,146.0
223,44.30344,-115.23461,,,,,50,IDBRL5,ID,Boise River Basin,LR_5,26.5,27.0,27.0,,29.5,30.0,30.0,,No, ,2020-12-18 00:00:00,POINT (-115.23461 44.30344),,,2020-12-18,11:00,111.0,111.0,111.0,26.8,30.0,112.0
224,44.30344,-115.23461,,,,,2,IDBRL5,ID,Boise River Basin,LR_5,4.5,4.5,4.5,,7.0,6.0,7.0,,Yes, ,2021-01-20 00:00:00,POINT (-115.23461 44.30344),,,2021-01-20,9:20,156.0,133.0,156.0,4.5,7.0,156.0
225,44.30344,-115.23461,,,,,3,IDBRL5,ID,Boise River Basin,LR_5,33.0,33.0,33.0,,24.0,24.0,24.0,,No, ,2021-01-28 00:00:00,POINT (-115.23461 44.30344),0.004059183411300182,0.006743772886693478,2021-01-28,10:00,73.0,73.0,73.0,33.0,24.0,73.0
226,44.30344,-115.23461,,,,,4,IDBRL5,ID,Boise River Basin,LR_5,35.0,34.5,36.0,,37.0,38.0,38.0,,No, ,2021-02-04 00:00:00,POINT (-115.23461 44.30344),0.32254207134246826,0.27884000539779663,2021-02-04,10:50,106.0,110.0,106.0,35.2,38.0,108.0
227,44.30344,-115.23461,,,,,5,IDBRL5,ID,Boise River Basin,LR_5,10.0,10.0,9.5,,11.0,11.5,11.5,,No, ,2021-02-10 00:00:00,POINT (-115.23461 44.30344),-0.01803305745124817,-0.031172780320048332,2021-02-10,11:36,110.0,115.0,121.0,9.8,11.0,113.0
228,44.30344,-115.23461,,,,,7,IDBRL5,ID,Boise River Basin,LR_5,25.0,25.0,26.0,,32.0,33.0,33.0,,No,"Interval boards 1-4 were checked by forecasters on 2/23 (day of UAVSAR flight), the rest 5-9 were checked today. Also replaced the interval board bottom today as the other one cracked last visit. ",2021-02-25 00:00:00,POINT (-115.23461 44.30344),,,2021-02-25,12:28,128.0,132.0,127.0,25.3,33.0,131.0
229,44.30344,-115.23461,,,,,8,IDBRL5,ID,Boise River Basin,LR_5,16.0,16.5,16.0,,23.0,23.0,24.0,,Yes, ,2021-03-03 00:00:00,POINT (-115.23461 44.30344),,,2021-03-03,9:30, , , ,16.2,23.0,142.0
230,44.30344,-115.23461,,,,,9,IDBRL5,ID,Boise River Basin,LR_5,11.0,10.5,10.5,,12.0,13.0,13.0,,No, ,2021-03-10 00:00:00,POINT (-115.23461 44.30344),-0.1894805133342743,-0.1906861960887909,2021-03-10,13:03,109.0,124.0,124.0,10.7,13.0,122.0
231,44.30344,-115.23461,,,,,10,IDBRL5,ID,Boise River Basin,LR_5,0.0, , ,,0.0, , ,,No, ,2021-03-17 00:00:00,POINT (-115.23461 44.30344),-0.13062787055969238,-0.13246816396713257,2021-03-17,14:00, , , ,0.0,0.0, 
232,44.30344,-115.23461,,,,,11,IDBRL5,ID,Boise River Basin,LR_5,23.0,23.5,23.0,,33.0,34.0,33.0,,Yes, ,2021-03-22 00:00:00,POINT (-115.23461 44.30344),-0.021556947380304337,-0.018359709531068802,2021-03-22,11:00,144.0,145.0,143.0,23.2,33.0,143.0
233,44.30309,-115.23465,,,,,2,IDBRL6,ID,Boise River Basin,LR_6, , , ,, , , ,,No,NOTE: HP cleared this board on 20210115 and needs to enter this data,2021-01-20 00:00:00,POINT (-115.23465 44.30309),,,2021-01-20,n/o, , , , , , 
234,44.30309,-115.23465,,,,,3,IDBRL6,ID,Boise River Basin,LR_6,34.0,34.0,34.0,,24.5,24.0,24.0,,No, ,2021-01-28 00:00:00,POINT (-115.23465 44.30309),0.0013565105618909001,0.0037637772038578987,2021-01-28,10:30,72.0,71.0,71.0,34.0,24.0,71.0
235,44.30309,-115.23465,,,,,4,IDBRL6,ID,Boise River Basin,LR_6,35.0,35.0,36.0,,37.0,33.0,35.0,,No, ,2021-02-04 00:00:00,POINT (-115.23465 44.30309),0.32145804166793823,0.276669442653656,2021-02-04,12:15,106.0,95.0,98.0,35.3,35.0,100.0
236,44.30309,-115.23465,,,,,5,IDBRL6,ID,Boise River Basin,LR_6,10.0,9.0,9.5,,10.0,9.0,11.0,,No,"LR_6 was done before LR_5, but very close in time. ",2021-02-10 00:00:00,POINT (-115.23465 44.30309),-0.02084837295114994,-0.03417319059371948,2021-02-10,11:26,100.0,100.0,115.0,9.5,10.0,106.0
237,44.30309,-115.23465,,,,,7,IDBRL6,ID,Boise River Basin,LR_6,26.0,26.0,26.0,,35.0,35.0,33.0,,No, ,2021-02-25 00:00:00,POINT (-115.23465 44.30309),,,2021-02-25,10:50,135.0,135.0,126.0,26.0,34.0,131.0
238,44.30309,-115.23465,,,,,8,IDBRL6,ID,Boise River Basin,LR_6,13.0,14.0,15.0,,25.0,23.0,24.0,,Yes, ,2021-03-03 00:00:00,POINT (-115.23465 44.30309),,,2021-03-03,10:00, , , ,14.0,24.0,172.0
239,44.30309,-115.23465,,,,,9,IDBRL6,ID,Boise River Basin,LR_6,9.0,9.0,10.0,,12.0,13.0,13.0,,Yes, ,2021-03-10 00:00:00,POINT (-115.23465 44.30309),-0.19370540976524353,-0.19477254152297974,2021-03-10,13:41,133.0,144.0,130.0,9.3,13.0,140.0
240,44.30309,-115.23465,,,,,10,IDBRL6,ID,Boise River Basin,LR_6,0.0, , ,,0.0, , ,,No, ,2021-03-17 00:00:00,POINT (-115.23465 44.30309),-0.131633460521698,-0.13309550285339355,2021-03-17,11:20, , , ,0.0,0.0, 
241,44.30309,-115.23465,,,,,11,IDBRL6,ID,Boise River Basin,LR_6,21.0,21.0,21.0,,29.0,29.0,30.0,,Yes, ,2021-03-22 00:00:00,POINT (-115.23465 44.30309),-0.02446288801729679,-0.017675219103693962,2021-03-22,14:00,138.0,138.0,143.0,21.0,29.0,139.0
242,44.29675,-115.23961,,,,,3,IDBRL7,ID,Boise River Basin,LR_7,35.0,35.0,35.0,,23.0,23.0,24.0,,No, ,2021-01-28 00:00:00,POINT (-115.23961 44.29675),,,2021-01-28,14:00,66.0,66.0,69.0,35.0,23.0,66.0
243,44.29675,-115.23961,,,,,4,IDBRL7,ID,Boise River Basin,LR_7,36.0,37.0,36.0,,37.0,38.0,37.0,,No, ,2021-02-04 00:00:00,POINT (-115.23961 44.29675),0.31438148021698,0.27647432684898376,2021-02-04,12:22,103.0,103.0,103.0,36.3,37.0,102.0
244,44.29675,-115.23961,,,,,5,IDBRL7,ID,Boise River Basin,LR_7,8.0,8.0,8.5,,9.0,9.5,11.0,,No, ,2021-02-10 00:00:00,POINT (-115.23961 44.29675),-0.03263649344444275,-0.04847204312682152,2021-02-10,13:50,113.0,119.0,129.0,8.2,10.0,122.0
245,44.29675,-115.23961,,,,,7,IDBRL7,ID,Boise River Basin,LR_7,30.0,30.0,29.0,,43.0,40.0,42.0,,No, ,2021-02-25 00:00:00,POINT (-115.23961 44.29675),,,2021-02-25,14:00,143.0,133.0,145.0,29.7,42.0,142.0
246,44.29675,-115.23961,,,,,8,IDBRL7,ID,Boise River Basin,LR_7,14.0,14.5,15.0,,23.0,23.0,24.0,,Yes, ,2021-03-03 00:00:00,POINT (-115.23961 44.29675),,,2021-03-03,14:00, , , ,14.5,23.0,159.0
247,44.29675,-115.23961,,,,,9,IDBRL7,ID,Boise River Basin,LR_7,12.0,11.5,12.5,,14.5,14.0,14.0,,No, ,2021-03-10 00:00:00,POINT (-115.23961 44.29675),-0.176391139626503,-0.18308208882808685,2021-03-10,14:36,121.0,123.0,112.0,12.0,14.0,117.0
248,44.29675,-115.23961,,,,,10,IDBRL7,ID,Boise River Basin,LR_7,0.0, , ,,0.0, , ,,No, ,2021-03-17 00:00:00,POINT (-115.23961 44.29675),-0.14066511392593384,-0.14301353693008423,2021-03-17,16:30, , , ,0.0,0.0, 
249,44.29675,-115.23961,,,,,11,IDBRL7,ID,Boise River Basin,LR_7,25.0,26.0,26.0,,34.0,36.0,36.0,,No, ,2021-03-22 00:00:00,POINT (-115.23961 44.29675),-0.03468101844191551,-0.007151275873184204,2021-03-22,14:30,136.0,138.0,138.0,25.7,35.0,137.0
250,44.29088,-115.24397,,,,,2,IDBRL8,ID,Boise River Basin,LR_8,4.0,4.5,4.5,,5.0,6.0,6.0,,No,"LR_8 on Banner Knob Field book, all others (LR_1-LR_7, LR_9) on 
Banner - Snotel data sheet.",2021-01-20 00:00:00,POINT (-115.24397 44.29088),,,2021-01-20,14:00,125.0,133.0,133.0,4.3,6.0,140.0
251,44.29088,-115.24397,,,,,3,IDBRL8,ID,Boise River Basin,LR_8,35.5,36.0,36.0,,24.0,23.0,23.0,,No, ,2021-01-28 00:00:00,POINT (-115.24397 44.29088),-0.02710800990462303,-0.02638629823923111,2021-01-28,14:30,68.0,64.0,64.0,35.8,23.0,65.0
252,44.29088,-115.24397,,,,,4,IDBRL8,ID,Boise River Basin,LR_8,36.5,37.0,38.0,,39.0,37.0,38.0,,Yes, ,2021-02-04 00:00:00,POINT (-115.24397 44.29088),0.2703666687011719,0.225560262799263,2021-02-04,13:42,107.0,100.0,100.0,37.2,38.0,103.0
253,44.29088,-115.24397,,,,,5,IDBRL8,ID,Boise River Basin,LR_8,10.5,11.0,10.0,,13.0,14.5,13.0,,No, ,2021-02-10 00:00:00,POINT (-115.24397 44.29088),-0.04231567680835724,-0.05805442854762077,2021-02-10,14:20,124.0,132.0,130.0,10.5,14.0,134.0
254,44.29088,-115.24397,,,,,7,IDBRL8,ID,Boise River Basin,LR_8,31.0,32.0,32.0,,38.0,39.0,39.0,,No, ,2021-02-25 00:00:00,POINT (-115.24397 44.29088),,,2021-02-25,14:35,123.0,122.0,122.0,31.7,39.0,124.0
255,44.29088,-115.24397,,,,,8,IDBRL8,ID,Boise River Basin,LR_8,14.5,15.0,15.0,,23.0,24.0,23.0,,Yes, ,2021-03-03 00:00:00,POINT (-115.24397 44.29088),,,2021-03-03,16:00,159.0,150.0,150.0,14.8,23.0,156.0
256,44.29088,-115.24397,,,,,9,IDBRL8,ID,Boise River Basin,LR_8,13.5,13.5,12.5,,16.0,16.0,16.0,,No, ,2021-03-10 00:00:00,POINT (-115.24397 44.29088),-0.19223813712596893,-0.19798928499221802,2021-03-10,14:53,119.0,119.0,128.0,13.2,16.0,122.0
257,44.29088,-115.24397,,,,,10,IDBRL8,ID,Boise River Basin,LR_8,0.0, , ,,0.0, , ,,No, ,2021-03-17 00:00:00,POINT (-115.24397 44.29088),-0.1309412121772766,-0.1320042759180069,2021-03-17,16:40, , , ,0.0,0.0, 
258,44.29088,-115.24397,,,,,11,IDBRL8,ID,Boise River Basin,LR_8,26.0,28.5,29.0,,39.5,39.0,37.0,,No, ,2021-03-22 00:00:00,POINT (-115.24397 44.29088),-0.0189933143556118,-0.031818050891160965,2021-03-22,15:00,152.0,137.0,128.0,27.8,38.0,137.0
259,44.2833,-115.24156,,,,,2,IDBRL9,ID,Boise River Basin,LR_9,4.0,4.0,4.0,,6.0,6.0,6.0,,No, ,2021-01-20 00:00:00,POINT (-115.24156 44.2833),,,2021-01-20,16:00,150.0,150.0,150.0,4.0,6.0,150.0
260,44.2833,-115.24156,,,,,3,IDBRL9,ID,Boise River Basin,LR_9,33.0,33.0,34.0,,24.0,24.0,24.0,,No, ,2021-01-28 00:00:00,POINT (-115.24156 44.2833),-0.023935439065098763,-0.02447916753590107,2021-01-28,16:00,73.0,73.0,71.0,33.3,24.0,73.0
261,44.2833,-115.24156,,,,,4,IDBRL9,ID,Boise River Basin,LR_9,39.0,38.0,38.0,,40.0,41.0,40.0,,No, ,2021-02-04 00:00:00,POINT (-115.24156 44.2833),0.23695868253707886,0.22214284539222717,2021-02-04,14:16,102.0,107.0,105.0,38.3,40.0,105.0
262,44.2833,-115.24156,,,,,5,IDBRL9,ID,Boise River Basin,LR_9,13.0,12.5,14.5,,16.0,16.0,20.0,,No, ,2021-02-10 00:00:00,POINT (-115.24156 44.2833),-0.03388674929738045,-0.04683025926351547,2021-02-10,15:10,128.0,123.0,138.0,13.3,17.0,128.0
263,44.2833,-115.24156,,,,,7,IDBRL9,ID,Boise River Basin,LR_9,34.0,33.5,34.0,,43.0,43.0,41.0,,No, ,2021-02-25 00:00:00,POINT (-115.24156 44.2833),,,2021-02-25,15:30,126.0,128.0,120.0,33.8,42.0,125.0
264,44.2833,-115.24156,,,,,8,IDBRL9,ID,Boise River Basin,LR_9, , , ,, , , ,,No, ,2021-03-03 00:00:00,POINT (-115.24156 44.2833),,,2021-03-03,n/o, , , , , , 
265,44.2833,-115.24156,,,,,9,IDBRL9,ID,Boise River Basin,LR_9,24.0,24.0,24.0,,34.0,36.0,34.0,,Yes,"melt is from first week interval, 2 weeks since last checked (hence greater SWE and depths than other boards)",2021-03-10 00:00:00,POINT (-115.24156 44.2833),-0.17476636171340942,-0.18238253891468048,2021-03-10,15:23,142.0,150.0,142.0,24.0,35.0,146.0
266,44.2833,-115.24156,,,,,10,IDBRL9,ID,Boise River Basin,LR_9,0.0, , ,,0.0, , ,,No, ,2021-03-17 00:00:00,POINT (-115.24156 44.2833),-0.13004553318023682,-0.133929044008255,2021-03-17,16:40, , , ,0.0,0.0, 
267,44.2833,-115.24156,,,,,11,IDBRL9,ID,Boise River Basin,LR_9, , , ,, , , ,,No,Not observed- ran out of daylight,2021-03-22 00:00:00,POINT (-115.24156 44.2833),-0.012095572426915169,-0.021506039425730705,2021-03-22,17:00, , , , , , 
268,43.93208,-115.66576,,,,,1,IDBRM1,ID,Boise River Basin,MC_1, , , ,, , , ,,No, ,2021-01-15 00:00:00,POINT (-115.66576 43.93208),,,2021-01-15,09:00, , , , , , 
269,43.93208,-115.66576,,,,,3,IDBRM1,ID,Boise River Basin,MC_1,27.0, , ,,23.0, , ,,No, ,2021-01-27 00:00:00,POINT (-115.66576 43.93208),,,2021-01-27,16:40,86.0, , ,27.0,23.0,86.0
270,43.93208,-115.66576,,,,,4,IDBRM1,ID,Boise River Basin,MC_1,41.0, , ,,49.0, , ,,No, ,2021-02-03 00:00:00,POINT (-115.66576 43.93208),0.23176062107086182,,2021-02-03,15:35,120.0, , ,41.0,49.0,120.0
271,43.93208,-115.66576,,,,,5,IDBRM1,ID,Boise River Basin,MC_1,9.0,11.0,13.0,,16.0,23.0,24.0,,No, ,2021-02-10 00:00:00,POINT (-115.66576 43.93208),-0.029746422544121742,-0.03301997110247612,2021-02-10,16:00,178.0,210.0,185.0,11.0,21.0,191.0
272,43.93208,-115.66576,,,,,6,IDBRM1,ID,Boise River Basin,MC_1,72.0, , ,,90.0, , ,,No,Air Temp: -6.7 C,2021-02-17 00:00:00,POINT (-115.66576 43.93208),,,2021-02-17,17:40,125.0, , ,72.0,90.0,125.0
273,43.93208,-115.66576,,,,,7,IDBRM1,ID,Boise River Basin,MC_1,33.0,32.0, ,,44.0,44.0, ,,No, ,2021-02-24 00:00:00,POINT (-115.66576 43.93208),,,2021-02-24,18:00,2.0,2.0, ,32.5,44.0,136.0
274,43.93208,-115.66576,,,,,8,IDBRM1,ID,Boise River Basin,MC_1,24.0,22.0,25.0,,36.0,33.0,38.0,,Yes,"Air Temp: +3.8 C, some melt around storm board pole, no ice present",2021-03-03 00:00:00,POINT (-115.66576 43.93208),,,2021-03-03,17:50,2.0,2.0,2.0,23.7,36.0,152.0
275,43.93208,-115.66576,,,,,9,IDBRM1,ID,Boise River Basin,MC_1,3.0,4.0,2.0,,6.0,7.0,5.0,,Yes,"Air Temp: +1.8 C, liquid water in lower 1 cm of HS, some signs of melt on portions of interval board",2021-03-10 00:00:00,POINT (-115.66576 43.93208),-0.14570002257823944,-0.1483091413974762,2021-03-10,15:50,2.0,2.0,3.0,3.0,6.0,200.0
276,43.93208,-115.66576,,,,,10,IDBRM1,ID,Boise River Basin,MC_1,0.0, , ,,0.0, , ,,No, ,2021-03-16 00:00:00,POINT (-115.66576 43.93208),-0.10590282082557678,-0.10588933527469635,2021-03-16,17:00,0.0, , ,0.0,0.0, 
277,43.93208,-115.66576,,,,,11,IDBRM1,ID,Boise River Basin,MC_1,6.0,8.0, ,,12.0,16.0, ,,Yes,"Air Temp: +1.8 C, some melt tip of storm board, ice at bottom of snopack/above board but not frozen to board --> no liquid water",2021-03-24 00:00:00,POINT (-115.66576 43.93208),,,2021-03-24,16:20,200.0,200.0, ,7.0,14.0,200.0
278,43.94678,-115.6684,,,,,1,IDBRM2,ID,Boise River Basin,MC_2, , , ,, , , ,,No, ,2021-01-15 00:00:00,POINT (-115.6684 43.94678),,,2021-01-15,16:10, , , , , , 
279,43.94678,-115.6684,,,,,3,IDBRM2,ID,Boise River Basin,MC_2,33.0, , ,,30.0, , ,,No, ,2021-01-27 00:00:00,POINT (-115.6684 43.94678),,,2021-01-27,15:45,91.0, , ,33.0,30.0,91.0
280,43.94678,-115.6684,,,,,4,IDBRM2,ID,Boise River Basin,MC_2,35.0, , ,,38.0, , ,,No, ,2021-02-03 00:00:00,POINT (-115.6684 43.94678),0.11659807711839676,,2021-02-03,15:35,109.0, , ,35.0,38.0,109.0
281,43.94678,-115.6684,,,,,5,IDBRM2,ID,Boise River Basin,MC_2,6.0,7.0,10.0,,10.0,13.0,18.0,,No, ,2021-02-10 00:00:00,POINT (-115.6684 43.94678),-0.023303009569644928,-0.013301186263561249,2021-02-10,15:00,167.0,186.0,180.0,7.7,14.0,182.0
282,43.94678,-115.6684,,,,,6,IDBRM2,ID,Boise River Basin,MC_2,63.0, , ,,82.0, , ,,No,Air Temp: -6.9 C,2021-02-17 00:00:00,POINT (-115.6684 43.94678),,,2021-02-17,16:15,131.0, , ,63.0,82.0,131.0
283,43.94678,-115.6684,,,,,7,IDBRM2,ID,Boise River Basin,MC_2,30.0,29.0, ,,43.0,38.0, ,,No,Air Temp: -4.9 C,2021-02-24 00:00:00,POINT (-115.6684 43.94678),,,2021-02-24,16:50,2.0,2.0, ,29.5,40.0,136.0
284,43.94678,-115.6684,,,,,8,IDBRM2,ID,Boise River Basin,MC_2,13.0,14.0,20.0,,27.0,31.0,45.0,,Yes,"Air Temp: +4.8 C, ice/slush on baord all 3 samples (liquid water present), not captured in measurement",2021-03-03 00:00:00,POINT (-115.6684 43.94678),,,2021-03-03,16:45,3.0,3.0,3.0,15.7,34.0,217.0
285,43.94678,-115.6684,,,,,9,IDBRM2,ID,Boise River Basin,MC_2, , , ,, , , ,,Yes,Board,2021-03-10 00:00:00,POINT (-115.6684 43.94678),-0.09447523951530457,-0.0832977145910263,2021-03-10,14:50, , , , , , 
286,43.94678,-115.6684,,,,,10,IDBRM2,ID,Boise River Basin,MC_2,0.0, , ,,0.0, , ,,Yes,"Air Temp: +6.3 C, no new snow",2021-03-16 00:00:00,POINT (-115.6684 43.94678),-0.06771102547645569,-0.05908498913049698,2021-03-16,15:45,0.0, , ,0.0,0.0, 
287,43.94678,-115.6684,,,,,11,IDBRM2,ID,Boise River Basin,MC_2,13.0,13.0, ,,28.0,27.0, ,,No,"Air Temp: -1.6 C, ice on board; ice layer @ +7cm above board, no liquid water, photo provided",2021-03-24 00:00:00,POINT (-115.6684 43.94678),,,2021-03-24,15:20,216.0,208.0, ,13.0,28.0,216.0
288,43.94743,-115.67196,,,,,3,IDBRM3,ID,Boise River Basin,MC_3,29.0, , ,,29.0, , ,,No, ,2021-01-27 00:00:00,POINT (-115.67196 43.94743),,,2021-01-27,15:25,100.0, , ,29.0,29.0,100.0
289,43.94743,-115.67196,,,,,4,IDBRM3,ID,Boise River Basin,MC_3,41.0, , ,,43.0, , ,,No, ,2021-02-03 00:00:00,POINT (-115.67196 43.94743),0.13763995468616486,,2021-02-03,14:20,105.0, , ,41.0,43.0,105.0
290,43.94743,-115.67196,,,,,5,IDBRM3,ID,Boise River Basin,MC_3,8.0,12.0,14.0,,14.0,23.0,25.0,,No, ,2021-02-10 00:00:00,POINT (-115.67196 43.94743),-0.018198732286691666,0.001489003305323422,2021-02-10,14:35,175.0,192.0,179.0,11.3,21.0,186.0
291,43.94743,-115.67196,,,,,6,IDBRM3,ID,Boise River Basin,MC_3,71.0, , ,,86.0, , ,,No,Air Temp: -6.4 C,2021-02-17 00:00:00,POINT (-115.67196 43.94743),,,2021-02-17,15:40,122.0, , ,71.0,86.0,122.0
292,43.94743,-115.67196,,,,,7,IDBRM3,ID,Boise River Basin,MC_3,36.0,39.0, ,,52.0,61.0, ,,No,Air Temp: -5.0 C,2021-02-24 00:00:00,POINT (-115.67196 43.94743),,,2021-02-24,16:25,2.0,2.0, ,37.5,56.0,150.0
293,43.94743,-115.67196,,,,,8,IDBRM3,ID,Boise River Basin,MC_3,22.0,20.0, ,,39.0,35.0, ,,Yes,"Air Temp: +4.5 C, ice/slush on board for both samples (liquid water present), not captured in measurement",2021-03-03 00:00:00,POINT (-115.67196 43.94743),,,2021-03-03,16:20,2.0,2.0, ,21.0,37.0,177.0
294,43.94743,-115.67196,,,,,9,IDBRM3,ID,Boise River Basin,MC_3, , , ,, , , ,,Yes,"Air Temp: +0.4 C, board melted/tipped sidehill up to 15 cm on lee side - photo evidence",2021-03-10 00:00:00,POINT (-115.67196 43.94743),-0.10035465657711029,-0.10339722037315369,2021-03-10,14:20, , , , , , 
295,43.94743,-115.67196,,,,,10,IDBRM3,ID,Boise River Basin,MC_3,0.0, , ,,0.0, , ,,Yes,"Air Temp: +4.2 C, no new snow",2021-03-16 00:00:00,POINT (-115.67196 43.94743),-0.07177549600601196,-0.07085251063108444,2021-03-16,15:35,0.0, , ,0.0,0.0, 
296,43.94743,-115.67196,,,,,11,IDBRM3,ID,Boise River Basin,MC_3,26.0,26.0, ,,60.0,56.0, ,,No,"Air Temp: -1.9 C, ice on board; ice layer @ +7cm above board, no liquid water, photo provided",2021-03-24 00:00:00,POINT (-115.67196 43.94743),,,2021-03-24,15:00,231.0,216.0, ,26.0,58.0,224.0
297,43.94786,-115.6748,,,,,1,IDBRM4,ID,Boise River Basin,MC_4, , , ,, , , ,,No, ,2021-01-15 00:00:00,POINT (-115.6748 43.94786),,,2021-01-15,15:20, , , , , , 
298,43.94786,-115.6748,,,,,3,IDBRM4,ID,Boise River Basin,MC_4,27.0, , ,,27.0, , ,,No, ,2021-01-27 00:00:00,POINT (-115.6748 43.94786),,,2021-01-27,15:10,100.0, , ,27.0,27.0,100.0
299,43.94786,-115.6748,,,,,4,IDBRM4,ID,Boise River Basin,MC_4,43.0, , ,,45.0, , ,,No, ,2021-02-03 00:00:00,POINT (-115.6748 43.94786),0.16743774712085724,,2021-02-03,14:00,105.0, , ,43.0,45.0,105.0
300,43.94786,-115.6748,,,,,5,IDBRM4,ID,Boise River Basin,MC_4,13.0,14.0,16.0,,25.0,28.0,32.0,,No, ,2021-02-10 00:00:00,POINT (-115.6748 43.94786),-0.0054906508885324,0.0025709224864840508,2021-02-10,14:15,193.0,200.0,200.0,14.3,28.0,196.0
301,43.94786,-115.6748,,,,,6,IDBRM4,ID,Boise River Basin,MC_4,70.0, , ,,86.0, , ,,No,Air Temp: -7.1 C,2021-02-17 00:00:00,POINT (-115.6748 43.94786),,,2021-02-17,15:20,123.0, , ,70.0,86.0,123.0
302,43.94786,-115.6748,,,,,7,IDBRM4,ID,Boise River Basin,MC_4,36.0,36.0,38.0,,58.0, , ,,No, ,2021-02-24 00:00:00,POINT (-115.6748 43.94786),,,2021-02-24,14:35,2.0, , ,36.7,58.0,159.0
303,43.94786,-115.6748,,,,,8,IDBRM4,ID,Boise River Basin,MC_4,29.0,29.0,34.0,,36.0,36.0,49.0,,No,"Air Temp: +3.8 C, wind affected surface",2021-03-03 00:00:00,POINT (-115.6748 43.94786),,,2021-03-03,15:50,2.0,2.0,2.0,30.7,40.0,131.0
304,43.94786,-115.6748,,,,,9,IDBRM4,ID,Boise River Basin,MC_4,7.0,11.0, ,,11.0,15.0, ,,No,"Air Temp: -1.6 C, large ice crystals on board",2021-03-10 00:00:00,POINT (-115.6748 43.94786),-0.11117776483297348,-0.11728667467832565,2021-03-10,14:10,2.0,2.0, ,9.0,13.0,145.0
305,43.94786,-115.6748,,,,,10,IDBRM4,ID,Boise River Basin,MC_4,0.0, , ,,0.0, , ,,Yes,"Air Temp: +5.8 C, no new snow",2021-03-16 00:00:00,POINT (-115.6748 43.94786),-0.08618724346160889,-0.08792058378458023,2021-03-16,15:00,0.0, , ,0.0,0.0, 
306,43.94786,-115.6748,,,,,11,IDBRM4,ID,Boise River Basin,MC_4,10.0,9.0, ,,23.0,18.0, ,,No,"Air Temp: -1.3 C, ice on board; ice layer @+7cm above board, no liquid water, photo provided",2021-03-24 00:00:00,POINT (-115.6748 43.94786),,,2021-03-24,14:40,230.0,200.0, ,9.5,20.0,211.0
307,43.94737,-115.67679,,,,,3,IDBRM5,ID,Boise River Basin,MC_5,20.0, , ,,28.0, , ,,No, ,2021-01-27 00:00:00,POINT (-115.67679 43.94737),,,2021-01-27,14:40,140.0, , ,20.0,28.0,140.0
308,43.94737,-115.67679,,,,,4,IDBRM5,ID,Boise River Basin,MC_5,39.0, , ,,43.0, , ,,No, ,2021-02-03 00:00:00,POINT (-115.67679 43.94737),0.13717345893383026,,2021-02-03,11:45,111.0, , ,39.0,43.0,111.0
309,43.94737,-115.67679,,,,,5,IDBRM5,ID,Boise River Basin,MC_5,20.0,21.0,22.0,,36.0,37.0,39.0,,No,wind affected/firm,2021-02-10 00:00:00,POINT (-115.67679 43.94737),-0.024970216676592827,-0.002321760170161724,2021-02-10,11:45,180.0,177.0,178.0,21.0,37.0,177.0
310,43.94737,-115.67679,,,,,6,IDBRM5,ID,Boise River Basin,MC_5,72.0, , ,,97.0, , ,,No,Air temperature: -7.8 C,2021-02-17 00:00:00,POINT (-115.67679 43.94737),,,2021-02-17,12:15,135.0, , ,72.0,97.0,135.0
311,43.94737,-115.67679,,,,,7,IDBRM5,ID,Boise River Basin,MC_5,32.0, , ,,50.0, , ,,No,Air Temp: -7.8 C,2021-02-24 00:00:00,POINT (-115.67679 43.94737),,,2021-02-24,12:10,2.0, , ,32.0,50.0,157.0
312,43.94737,-115.67679,,,,,8,IDBRM5,ID,Boise River Basin,MC_5,24.0,22.0, ,,42.0,35.0, ,,Yes,"Air Temp: +3.6 C, melt around storm board pole",2021-03-03 00:00:00,POINT (-115.67679 43.94737),,,2021-03-03,12:10,2.0,2.0, ,23.0,38.0,166.0
313,43.94737,-115.67679,,,,,9,IDBRM5,ID,Boise River Basin,MC_5,10.0,9.0,12.0,,16.0,14.0,19.0,,Yes,"Air Temp: -2.8 C, trace ice crystals on board - not a layer",2021-03-10 00:00:00,POINT (-115.67679 43.94737),-0.11643271893262863,-0.1197865679860115,2021-03-10,11:30,2.0,2.0,2.0,10.3,16.0,156.0
314,43.94737,-115.67679,,,,,10,IDBRM5,ID,Boise River Basin,MC_5,0.0, , ,,0.0, , ,,Yes,"Air Temp: +2.4 C, no new snow",2021-03-16 00:00:00,POINT (-115.67679 43.94737),-0.07977963984012604,-0.07239051908254623,2021-03-16,11:50,0.0, , ,0.0,0.0, 
315,43.94737,-115.67679,,,,,11,IDBRM5,ID,Boise River Basin,MC_5,24.0,28.0, ,,47.0,54.0, ,,No,"Air Temp: -1.9 C, ice on board; ice layer @+7cm above board, no liquid water, photo provided",2021-03-24 00:00:00,POINT (-115.67679 43.94737),,,2021-03-24,12:25,196.0,193.0, ,26.0,50.0,193.0
316,43.94854,-115.67828,,,,,3,IDBRM6,ID,Boise River Basin,MC_6,31.0, , ,,28.0, , ,,No, ,2021-01-27 00:00:00,POINT (-115.67828 43.94854),,,2021-01-27,12:55,91.0, , ,31.0,28.0,91.0
317,43.94854,-115.67828,,,,,4,IDBRM6,ID,Boise River Basin,MC_6,43.0, , ,,58.0, , ,,No, ,2021-02-03 00:00:00,POINT (-115.67828 43.94854),0.18322689831256866,,2021-02-03,12:05,135.0, , ,43.0,58.0,135.0
318,43.94854,-115.67828,,,,,5,IDBRM6,ID,Boise River Basin,MC_6,25.0,25.0,26.0,,47.0, ,49.0,,No,SW wind affected surface,2021-02-10 00:00:00,POINT (-115.67828 43.94854),-0.024301236495375633,0.0031920920591801405,2021-02-10,12:10,188.0, ,189.0,25.3,48.0,190.0
319,43.94854,-115.67828,,,,,6,IDBRM6,ID,Boise River Basin,MC_6,70.0, , ,,90.0, , ,,No,Air Temp: -6.7 C,2021-02-17 00:00:00,POINT (-115.67828 43.94854),,,2021-02-17,12:45,129.0, , ,70.0,90.0,129.0
320,43.94854,-115.67828,,,,,7,IDBRM6,ID,Boise River Basin,MC_6,32.0,30.0, ,,49.0,42.0, ,,No,Air Temp: -7.1 C,2021-02-24 00:00:00,POINT (-115.67828 43.94854),,,2021-02-24,15:00,2.0,2.0, ,31.0,46.0,149.0
321,43.94854,-115.67828,,,,,8,IDBRM6,ID,Boise River Basin,MC_6,27.0,27.0, ,,39.0,39.0, ,,No,"Air Temp: +0.7 C, no ice and no melt - shaded and consistent",2021-03-03 00:00:00,POINT (-115.67828 43.94854),,,2021-03-03,12:50,2.0,2.0, ,27.0,39.0,145.0
322,43.94854,-115.67828,,,,,9,IDBRM6,ID,Boise River Basin,MC_6,11.0,11.0,13.0,,16.0,15.0,19.0,,No,"Air Temp: -3.9 C, very thin/sparse ice layer on board",2021-03-10 00:00:00,POINT (-115.67828 43.94854),-0.147251158952713,-0.15415194630622864,2021-03-10,11:55,2.0,2.0,2.0,11.7,17.0,146.0
323,43.94854,-115.67828,,,,,10,IDBRM6,ID,Boise River Basin,MC_6,0.0, , ,,0.0, , ,,Yes,"Air Temp: +3.3 C, no new snow",2021-03-16 00:00:00,POINT (-115.67828 43.94854),-0.09104777872562408,-0.08726082742214203,2021-03-16,13:20,0.0, , ,0.0,0.0, 
324,43.94854,-115.67828,,,,,11,IDBRM6,ID,Boise River Basin,MC_6,12.0,15.0, ,,23.0,28.0, ,,No,"Air Temp: -4.6 C, very little ice on board, ice @+5cm, very slight wind-affected surface",2021-03-24 00:00:00,POINT (-115.67828 43.94854),,,2021-03-24,12:50,192.0,187.0, ,13.5,26.0,193.0
325,43.95258,-115.67997,,,,,3,IDBRM7,ID,Boise River Basin,MC_7,45.0, , ,,42.0, , ,,No, ,2021-01-27 00:00:00,POINT (-115.67997 43.95258),,,2021-01-27,14:15,94.0, , ,45.0,42.0,94.0
326,43.95258,-115.67997,,,,,4,IDBRM7,ID,Boise River Basin,MC_7,43.0, , ,,47.0, , ,,No, ,2021-02-03 00:00:00,POINT (-115.67997 43.95258),0.11977188289165497,,2021-02-03,13:15,110.0, , ,43.0,47.0,110.0
327,43.95258,-115.67997,,,,,5,IDBRM7,ID,Boise River Basin,MC_7,11.0,13.0,15.0,,20.0,21.0,26.0,,No,"Lots of SH development; light wind, area wind scoured from previous event? Rare to see this little HS at TOW-3.",2021-02-10 00:00:00,POINT (-115.67997 43.95258),-0.027602164074778557,0.014596638269722462,2021-02-10,13:30,182.0,162.0,174.0,13.0,22.0,170.0
328,43.95258,-115.67997,,,,,6,IDBRM7,ID,Boise River Basin,MC_7,72.0, , ,,89.0, , ,,No,Air Temp: -4.6 C,2021-02-17 00:00:00,POINT (-115.67997 43.95258),,,2021-02-17,14:15,124.0, , ,72.0,89.0,124.0
329,43.95258,-115.67997,,,,,7,IDBRM7,ID,Boise River Basin,MC_7,41.0,41.0,42.0,,55.0, , ,,No,Air Temp: -6.8 C,2021-02-24 00:00:00,POINT (-115.67997 43.95258),,,2021-02-24,13:35,2.0, , ,41.3,55.0,134.0
330,43.95258,-115.67997,,,,,8,IDBRM7,ID,Boise River Basin,MC_7,21.0,23.0,26.0,,34.0,41.0,40.0,,Yes,"Air Temp: +4.4 C, Sample B had ice on board and didn't allow for total SWE measurement",2021-03-03 00:00:00,POINT (-115.67997 43.95258),,,2021-03-03,14:30,2.0,2.0,2.0,23.3,38.0,164.0
331,43.95258,-115.67997,,,,,9,IDBRM7,ID,Boise River Basin,MC_7, , , ,, , , ,,Yes,"Air Temp: -3.1 C, board melted/tipped 20 degrees down hill- photo, interval board tipped over; K2 was reset Thursday 03/04/2021",2021-03-10 00:00:00,POINT (-115.67997 43.95258),-0.10832604765892029,-0.11537852883338928,2021-03-10,13:30, , , , , , 
332,43.95258,-115.67997,,,,,10,IDBRM7,ID,Boise River Basin,MC_7,0.0, , ,,0.0, , ,,Yes,"Air Temp: +3.4 C, no new snow",2021-03-16 00:00:00,POINT (-115.67997 43.95258),-0.08193707466125488,-0.08486270159482956,2021-03-16,14:30,0.0, , ,0.0,0.0, 
333,43.95258,-115.67997,,,,,11,IDBRM7,ID,Boise River Basin,MC_7,27.0,25.0, ,,44.0,43.0, ,,No,"Air Temp: -1.6 C, very little ice on board, ice @ +5cm, very slight wind-affected surface",2021-03-24 00:00:00,POINT (-115.67997 43.95258),,,2021-03-24,14:05,163.0,172.0, ,26.0,44.0,170.0
334,43.95249,-115.68174,,,,,3,IDBRM8,ID,Boise River Basin,MC_8,45.0, , ,,40.0, , ,,No, ,2021-01-27 00:00:00,POINT (-115.68174 43.95249),,,2021-01-27,13:20,89.0, , ,45.0,40.0,89.0
335,43.95249,-115.68174,,,,,4,IDBRM8,ID,Boise River Basin,MC_8,51.0, , ,,58.0, , ,,No, ,2021-02-03 00:00:00,POINT (-115.68174 43.95249),0.12547287344932556,,2021-02-03,12:25,114.0, , ,51.0,58.0,114.0
336,43.95249,-115.68174,,,,,5,IDBRM8,ID,Boise River Basin,MC_8,26.0,27.0,29.0,,48.0, ,52.0,,No, ,2021-02-10 00:00:00,POINT (-115.68174 43.95249),-0.0455252043902874,-0.007534322328865528,2021-02-10,12:35,185.0, ,180.0,27.3,50.0,184.0
337,43.95249,-115.68174,,,,,6,IDBRM8,ID,Boise River Basin,MC_8,80.0, , ,,101.0, , ,,No,Air Temp: -7.6 C,2021-02-17 00:00:00,POINT (-115.68174 43.95249),,,2021-02-17,13:15,127.0, , ,80.0,101.0,127.0
338,43.95249,-115.68174,,,,,7,IDBRM8,ID,Boise River Basin,MC_8,37.0, , ,,54.0, , ,,No,Air Temp: -6.4 C,2021-02-24 00:00:00,POINT (-115.68174 43.95249),,,2021-02-24,12:55,2.0, , ,37.0,54.0,146.0
339,43.95249,-115.68174,,,,,8,IDBRM8,ID,Boise River Basin,MC_8,24.0,25.0, ,,38.0,45.0, ,,Yes,"Air Temp: +5.3 C, 2 layers of ice (15/25), ice on board not captured in measurement and didn't allow for total measurement of SWE in Sample A, no ice in measurement for Sample B",2021-03-03 00:00:00,POINT (-115.68174 43.95249),,,2021-03-03,13:20,2.0,2.0, ,24.5,42.0,172.0
340,43.95249,-115.68174,,,,,9,IDBRM8,ID,Boise River Basin,MC_8,9.0,6.0, ,,13.0,11.0, ,,No,"Air Temp: -2.2 C, variable ice on board - SWE higher",2021-03-10 00:00:00,POINT (-115.68174 43.95249),-0.13356615602970123,-0.15204180777072906,2021-03-10,12:15,2.0,2.0, ,7.5,12.0,160.0
341,43.95249,-115.68174,,,,,10,IDBRM8,ID,Boise River Basin,MC_8,0.0, , ,,0.0, , ,,Yes,"Air Temp: +5.3 C, no new snow",2021-03-16 00:00:00,POINT (-115.68174 43.95249),-0.08060657232999802,-0.07309524714946747,2021-03-16,13:35,0.0, , ,0.0,0.0, 
342,43.95249,-115.68174,,,,,11,IDBRM8,ID,Boise River Basin,MC_8,18.0,18.0, ,,35.0,37.0, ,,No,"Air Temp: -2.7 C, very little ice on board, ice @ +5cm, very slight wind-affected surface",2021-03-24 00:00:00,POINT (-115.68174 43.95249),,,2021-03-24,13:15,195.0,206.0, ,18.0,36.0,200.0
343,43.9549,-115.68158,,,,,1,IDBRM9,ID,Boise River Basin,MC_9, , , ,, , , ,,No, ,2021-01-15 00:00:00,POINT (-115.68158 43.9549),,,2021-01-15,11:00, , , , , , 
344,43.9549,-115.68158,,,,,3,IDBRM9,ID,Boise River Basin,MC_9,47.0, , ,,69.0, , ,,No, ,2021-01-27 00:00:00,POINT (-115.68158 43.9549),,,2021-01-27,13:45,147.0, , ,47.0,69.0,147.0
345,43.9549,-115.68158,,,,,4,IDBRM9,ID,Boise River Basin,MC_9,49.0, , ,,74.0, , ,,No, ,2021-02-03 00:00:00,POINT (-115.68158 43.9549),0.14017730951309204,,2021-02-03,12:50,152.0, , ,49.0,74.0,152.0
346,43.9549,-115.68158,,,,,5,IDBRM9,ID,Boise River Basin,MC_9,2.0,3.0,4.0,,4.0,5.0,6.0,,No,Heavily wind affected firm,2021-02-10 00:00:00,POINT (-115.68158 43.9549),-0.024984639137983322,-0.0044531552121043205,2021-02-10,12:55,200.0,167.0,150.0,3.0,5.0,167.0
347,43.9549,-115.68158,,,,,6,IDBRM9,ID,Boise River Basin,MC_9,36.0, , ,,53.0, , ,,No,Air Temp: -8.0 C,2021-02-17 00:00:00,POINT (-115.68158 43.9549),,,2021-02-17,13:45,148.0, , ,36.0,53.0,148.0
348,43.9549,-115.68158,,,,,7,IDBRM9,ID,Boise River Basin,MC_9,18.0, , ,,28.0, , ,,No,Air Temp: -5.6 C,2021-02-24 00:00:00,POINT (-115.68158 43.9549),,,2021-02-24,13:15,2.0, , ,18.0,28.0,156.0
349,43.9549,-115.68158,,,,,8,IDBRM9,ID,Boise River Basin,MC_9,18.0,18.0, ,,27.0,28.0, ,,Yes,"Air Temp: +4.4 C, melt around storm board pole",2021-03-03 00:00:00,POINT (-115.68158 43.9549),,,2021-03-03,13:50,2.0,2.0, ,18.0,28.0,156.0
350,43.9549,-115.68158,,,,,9,IDBRM9,ID,Boise River Basin,MC_9,7.0,8.0, ,,11.0,13.0, ,,No,"Air Temp: -2.1 C, very little ice on board",2021-03-10 00:00:00,POINT (-115.68158 43.9549),-0.12721097469329834,-0.1346731036901474,2021-03-10,12:50,2.0,2.0, ,7.5,12.0,160.0
351,43.9549,-115.68158,,,,,10,IDBRM9,ID,Boise River Basin,MC_9,0.0, , ,,0.0, , ,,Yes,"Air Temp: +2.7 C, no new snow",2021-03-16 00:00:00,POINT (-115.68158 43.9549),-0.0882302075624466,-0.08053438365459442,2021-03-16,13:50,0.0, , ,0.0,0.0, 
352,43.9549,-115.68158,,,,,11,IDBRM9,ID,Boise River Basin,MC_9,12.0,13.0, ,,25.0,27.0, ,,No,"Air Temp: -1.9 C, very little ice on board, ice @ +5cm, very slight wind-affected surface",2021-03-24 00:00:00,POINT (-115.68158 43.9549),,,2021-03-24,13:40,209.0,208.0, ,12.5,26.0,208.0
